,ngram_range,max_df,min_df,C,Acc,recall,PPV,AUC,dataset,fold,vector
0,"(2, 2)",0.25,0.0,0.01,0.5107260149535322,1.0,0.5107260149535322,0.9994953588239816,train,1,tfidf
1,"(2, 2)",0.25,0.0,0.01,0.5313955654928265,1.0,0.5313955654928265,0.8413660393877966,val,1,tfidf
0,"(2, 2)",0.25,0.0,0.01,0.5162695362541635,1.0,0.5162695362541635,0.9993371465566591,train,2,tfidf
1,"(2, 2)",0.25,0.0,0.01,0.5092230296254892,1.0,0.5092230296254892,0.8375309360467038,val,2,tfidf
0,"(2, 2)",0.25,0.0,0.01,0.5166767596776447,1.0,0.5166767596776447,0.9993877295204262,train,3,tfidf
1,"(2, 2)",0.25,0.0,0.01,0.5075934035218485,1.0,0.5075934035218485,0.8368275026847101,val,3,tfidf
0,"(2, 2)",0.25,0.0,0.01,0.5146038104998369,1.0,0.5146038104998369,0.0003943725787235634,train,4,tfidf
1,"(2, 2)",0.25,0.0,0.01,0.5158855865088978,1.0,0.5158855865088978,0.15593043814840413,val,4,tfidf
0,"(2, 2)",0.25,0.0,0.01,0.5160245958913682,1.0,0.5160245958913682,0.9994769383603215,train,5,tfidf
1,"(2, 2)",0.25,0.0,0.01,0.5102021801919314,1.0,0.5102021801919314,0.8433746656341754,val,5,tfidf
0,"(2, 2)",0.25,0.0,1.2575,0.5152679756830411,1.0,0.5152679756830411,0.9994415602894353,train,1,tfidf
1,"(2, 2)",0.25,0.0,1.2575,0.5132289919880753,1.0,0.5132289919880753,0.8412549972598122,val,1,tfidf
0,"(2, 2)",0.25,0.0,1.2575,0.5155707730650083,1.0,0.5155707730650083,0.0005486357493888888,train,2,tfidf
1,"(2, 2)",0.25,0.0,1.2575,0.5120178870877585,1.0,0.5120178870877585,0.15358305988651957,val,2,tfidf
0,"(2, 2)",0.25,0.0,1.2575,0.5143010201704943,1.0,0.5143010201704943,0.5,train,3,tfidf
1,"(2, 2)",0.25,0.0,1.2575,0.5170968042485792,1.0,0.5170968042485792,0.5,val,3,tfidf
0,"(2, 2)",0.25,0.0,1.2575,0.5142078539153119,1.0,0.5142078539153119,0.9994978847119765,train,4,tfidf
1,"(2, 2)",0.25,0.0,1.2575,0.5174694866300196,1.0,0.5174694866300196,0.837442549177334,val,4,tfidf
0,"(2, 2)",0.25,0.0,1.2575,0.5149531839567708,1.0,0.5149531839567708,0.9993892781681852,train,5,tfidf
1,"(2, 2)",0.25,0.0,1.2575,0.5144880275784962,1.0,0.5144880275784962,0.8412023996267334,val,5,tfidf
0,"(2, 2)",0.25,0.0,2.505,0.5166422099550463,1.0,0.5166422099550463,0.9994095352294853,train,1,tfidf
1,"(2, 2)",0.25,0.0,2.505,0.5077324389789454,1.0,0.5077324389789454,0.8377377959427457,val,1,tfidf
0,"(2, 2)",0.25,0.0,2.505,0.5141033703677823,1.0,0.5141033703677823,0.9994946681810544,train,2,tfidf
1,"(2, 2)",0.25,0.0,2.505,0.5178870877585243,1.0,0.5178870877585243,0.8404003952332162,val,2,tfidf
0,"(2, 2)",0.25,0.0,2.505,0.5151860995947268,1.0,0.5151860995947268,0.9995243534369923,train,3,tfidf
1,"(2, 2)",0.25,0.0,2.505,0.5135563216248952,1.0,0.5135563216248952,0.8390491682718195,val,3,tfidf
0,"(2, 2)",0.25,0.0,2.505,0.5135556901290352,1.0,0.5135556901290352,0.9994827080733292,train,4,tfidf
1,"(2, 2)",0.25,0.0,2.505,0.5200782633001025,1.0,0.5200782633001025,0.8492884643702847,val,4,tfidf
0,"(2, 2)",0.25,0.0,2.505,0.5148134345739973,1.0,0.5148134345739973,0.0005296467972544399,train,5,tfidf
1,"(2, 2)",0.25,0.0,2.505,0.5150470511506569,1.0,0.5150470511506569,0.15210521998912876,val,5,tfidf
0,"(2, 2)",0.25,0.0,3.7525,0.5138471571984254,1.0,0.5138471571984254,0.9995023826232254,train,1,tfidf
1,"(2, 2)",0.25,0.0,3.7525,0.5189118688280231,1.0,0.5189118688280231,0.8445412898578337,val,1,tfidf
0,"(2, 2)",0.25,0.0,3.7525,0.5142664151119186,1.0,0.5142664151119186,0.5,train,2,tfidf
1,"(2, 2)",0.25,0.0,3.7525,0.5172349543506615,1.0,0.5172349543506615,0.5,val,2,tfidf
0,"(2, 2)",0.25,0.0,3.7525,0.5158848465085946,1.0,0.5158848465085946,0.0005904626540698894,train,3,tfidf
1,"(2, 2)",0.25,0.0,3.7525,0.5107612037640921,1.0,0.5107612037640921,0.1632357374502631,val,3,tfidf
0,"(2, 2)",0.25,0.0,3.7525,0.5135789816928309,1.0,0.5135789816928309,0.9994275234195065,train,4,tfidf
1,"(2, 2)",0.25,0.0,3.7525,0.5199850927047424,1.0,0.5199850927047424,0.8393005821381552,val,4,tfidf
0,"(2, 2)",0.25,0.0,3.7525,0.5167233428052359,1.0,0.5167233428052359,0.9994717591794682,train,5,tfidf
1,"(2, 2)",0.25,0.0,3.7525,0.5074070623311283,1.0,0.5074070623311283,0.8471728998594866,val,5,tfidf
0,"(2, 2)",0.25,0.0,5.0,0.5151515151515151,1.0,0.5151515151515151,0.9995112312699943,train,1,tfidf
1,"(2, 2)",0.25,0.0,5.0,0.5136948015651202,1.0,0.5136948015651202,0.837972795128249,val,1,tfidf
0,"(2, 2)",0.25,0.0,5.0,0.5145692124938859,1.0,0.5145692124938859,0.9995340541405369,train,2,tfidf
1,"(2, 2)",0.25,0.0,5.0,0.5160238494503447,1.0,0.5160238494503447,0.8419734002708243,val,2,tfidf
0,"(2, 2)",0.25,0.0,5.0,0.5146969767550194,1.0,0.5146969767550194,0.9994631129789376,train,3,tfidf
1,"(2, 2)",0.25,0.0,5.0,0.5155129041274574,1.0,0.5155129041274574,0.8387169813288105,val,3,tfidf
0,"(2, 2)",0.25,0.0,5.0,0.5135556901290352,1.0,0.5135556901290352,0.9995759298290867,train,4,tfidf
1,"(2, 2)",0.25,0.0,5.0,0.5200782633001025,1.0,0.5200782633001025,0.8393266977550287,val,4,tfidf
0,"(2, 2)",0.25,0.0,5.0,0.5163273862207108,1.0,0.5163273862207108,0.9994235356401951,train,5,tfidf
1,"(2, 2)",0.25,0.0,5.0,0.5089909624522501,1.0,0.5089909624522501,0.843362194038835,val,5,tfidf
0,"(2, 2)",0.5,0.0,0.01,0.51512822304521,1.0,0.51512822304521,0.0005464794436819689,train,1,tfidf
1,"(2, 2)",0.5,0.0,0.01,0.5137879634805291,1.0,0.5137879634805291,0.15891036951427737,val,1,tfidf
0,"(2, 2)",0.5,0.0,0.01,0.5127291360957772,1.0,0.5127291360957772,0.9995179984033422,train,2,tfidf
1,"(2, 2)",0.5,0.0,0.01,0.5233836407676542,1.0,0.5233836407676542,0.8393225199577699,val,2,tfidf
0,"(2, 2)",0.5,0.0,0.01,0.5167699259328271,1.0,0.5167699259328271,0.0005360083914428417,train,3,tfidf
1,"(2, 2)",0.5,0.0,0.01,0.5072207211404081,1.0,0.5072207211404081,0.15856912764059544,val,3,tfidf
0,"(2, 2)",0.5,0.0,0.01,0.5138351888945824,1.0,0.5138351888945824,0.9994720522186045,train,4,tfidf
1,"(2, 2)",0.5,0.0,0.01,0.5189602161557813,1.0,0.5189602161557813,0.8383252294759946,val,4,tfidf
0,"(2, 2)",0.5,0.0,0.01,0.5158382633810034,1.0,0.5158382633810034,0.9994358566469392,train,5,tfidf
1,"(2, 2)",0.5,0.0,0.01,0.5109475449548123,1.0,0.5109475449548123,0.8454503125808132,val,5,tfidf
0,"(2, 2)",0.5,0.0,1.2575,0.5140334940488669,1.0,0.5140334940488669,0.9995785676953098,train,1,tfidf
1,"(2, 2)",0.5,0.0,1.2575,0.5181665735047513,1.0,0.5181665735047513,0.8398510338216486,val,1,tfidf
0,"(2, 2)",0.5,0.0,1.2575,0.5120769571192323,1.0,0.5120769571192323,0.9994982453057788,train,2,tfidf
1,"(2, 2)",0.5,0.0,1.2575,0.5259921743991056,1.0,0.5259921743991056,0.8459595880480866,val,2,tfidf
0,"(2, 2)",0.5,0.0,1.2575,0.5152559742861136,1.0,0.5152559742861136,0.9993863311908802,train,3,tfidf
1,"(2, 2)",0.5,0.0,1.2575,0.5132768098388149,1.0,0.5132768098388149,0.8432289693295976,val,3,tfidf
0,"(2, 2)",0.5,0.0,1.2575,0.5180043788139935,1.0,0.5180043788139935,0.9995466051050143,train,4,tfidf
1,"(2, 2)",0.5,0.0,1.2575,0.5022826795863226,1.0,0.5022826795863226,0.8372394788907647,val,4,tfidf
0,"(2, 2)",0.5,0.0,1.2575,0.5149298923929753,1.0,0.5149298923929753,0.9993830583929141,train,5,tfidf
1,"(2, 2)",0.5,0.0,1.2575,0.5145811981738563,1.0,0.5145811981738563,0.8411126321163322,val,5,tfidf
0,"(2, 2)",0.5,0.0,2.505,0.5149418861947685,1.0,0.5149418861947685,0.9995318920041328,train,1,tfidf
1,"(2, 2)",0.5,0.0,2.505,0.514533258803801,1.0,0.514533258803801,0.8452766545288725,val,1,tfidf
0,"(2, 2)",0.5,0.0,2.505,0.5128223045209979,1.0,0.5128223045209979,0.9993986016368912,train,2,tfidf
1,"(2, 2)",0.5,0.0,2.505,0.5230109931060183,1.0,0.5230109931060183,0.8393712635264516,val,2,tfidf
0,"(2, 2)",0.5,0.0,2.505,0.515861554944799,1.0,0.515861554944799,0.9993816505552484,train,3,tfidf
1,"(2, 2)",0.5,0.0,2.505,0.5108543743594521,1.0,0.5108543743594521,0.838048860981562,val,3,tfidf
0,"(2, 2)",0.5,0.0,2.505,0.5156985139982299,1.0,0.5156985139982299,0.9994024255899577,train,4,tfidf
1,"(2, 2)",0.5,0.0,2.505,0.5115065685269728,1.0,0.5115065685269728,0.8370762369602354,val,4,tfidf
0,"(2, 2)",0.5,0.0,2.505,0.5149764755205665,1.0,0.5149764755205665,0.9996361821927975,train,5,tfidf
1,"(2, 2)",0.5,0.0,2.505,0.5143948569831361,1.0,0.5143948569831361,0.8401760639589605,val,5,tfidf
0,"(2, 2)",0.5,0.0,3.7525,0.5153378520019566,1.0,0.5153378520019566,0.9994768200844091,train,1,tfidf
1,"(2, 2)",0.5,0.0,3.7525,0.5129495062418483,1.0,0.5129495062418483,0.8453214494252774,val,1,tfidf
