,ngram_range,max_df,min_df,h1_nodes,optimizer,Acc,recall,PPV,AUC,dataset,fold,vector
0,"(1, 1)",0.25,0.0,512,Adam,0.9564816367600201,0.9628051777814189,0.9526588845654993,0.9895326965766729,train,1,count
1,"(1, 1)",0.25,0.0,512,Adam,0.8490692604393761,0.8671958807122935,0.8468468468468469,0.9317876016317934,val,1,count
0,"(1, 1)",0.25,0.0,512,Adam,0.9572083403208675,0.9605056149297455,0.9566133563864275,0.9897112910082352,train,2,count
1,"(1, 1)",0.25,0.0,512,Adam,0.8454357426351389,0.8461622091759078,0.8521843862914705,0.9294306749610063,val,2,count
0,"(1, 1)",0.25,0.0,512,Adam,0.955978534294818,0.965280777537797,0.9504492530171726,0.9890685044304115,train,3,count
1,"(1, 1)",0.25,0.0,512,Adam,0.8527586785175247,0.8730106464712984,0.8433888240907645,0.9319553348503317,val,3,count
0,"(1, 1)",0.5,0.0,512,Adam,0.9592207501816759,0.970287887017925,0.9514247669773636,0.9906372496097515,train,1,count
1,"(1, 1)",0.5,0.0,512,Adam,0.854938789200067,0.8755015724975599,0.8480042016806723,0.9338961366400114,val,1,count
0,"(1, 1)",0.5,0.0,512,Adam,0.9593325507294985,0.9665542745268654,0.9548702519744264,0.9897835463611478,train,2,count
1,"(1, 1)",0.5,0.0,512,Adam,0.8573984012521662,0.8685491723466408,0.8573259290901324,0.9357978550654172,val,2,count
0,"(1, 1)",0.5,0.0,512,Adam,0.957767343059981,0.9657170710571924,0.9530707146293228,0.9902021046321697,train,3,count
1,"(1, 1)",0.5,0.0,512,Adam,0.8561685952261167,0.8660412348641867,0.8551271003877638,0.9365772494766842,val,3,count
0,"(1, 1)",0.5,0.25,512,Adam,0.658225725306054,0.4157797567332754,0.8390313390313391,0.6688344333486025,train,1,count
1,"(1, 1)",0.5,0.25,512,Adam,0.6587288277712561,0.4162778079218665,0.8408592722490136,0.669186094590941,val,1,count
0,"(1, 1)",0.5,0.25,512,Adam,0.6589803790038571,0.41658525995875395,0.8410211460501807,0.6696042812672193,train,2,count
1,"(1, 1)",0.5,0.25,512,Adam,0.6572195203756498,0.4146659424225964,0.8368778776584083,0.6676499026348756,val,2,count
0,"(1, 1)",0.5,0.25,512,Adam,0.6579741740734529,0.41547231270358304,0.8388687931601447,0.6684180345834587,train,3,count
1,"(1, 1)",0.5,0.25,512,Adam,0.6592319302364582,0.4168928455108023,0.8411829134720701,0.6700195618688828,val,3,count
0,"(1, 1)",0.75,0.0,512,Adam,0.9592207501816759,0.9693838913831341,0.9525353460189221,0.9905459656212035,train,1,count
1,"(1, 1)",0.75,0.0,512,Adam,0.8589636089216837,0.8818897637795275,0.8482171031871253,0.9369258999143116,val,1,count
0,"(1, 1)",0.75,0.0,512,Adam,0.9570965397730449,0.9667318982387475,0.9506601806810285,0.9897690597694381,train,2,count
1,"(1, 1)",0.75,0.0,512,Adam,0.8557772933087372,0.8782891174878181,0.8478101808299362,0.9354114111303484,val,2,count
0,"(1, 1)",0.75,0.0,512,Adam,0.9581306948404047,0.9674084553022472,0.9518710851758659,0.9900390170037064,train,3,count
1,"(1, 1)",0.75,0.0,512,Adam,0.8575661020739002,0.8737570255079983,0.8541842772612004,0.9354497156058644,val,3,count
0,"(1, 1)",0.75,0.25,512,Adam,0.6601542847559954,0.41772427692140096,0.8392427226964325,0.6696108697566373,train,1,count
1,"(1, 1)",0.75,0.25,512,Adam,0.6548717088713735,0.41242450388265744,0.8404395604395605,0.6675519354811902,val,1,count
0,"(1, 1)",0.75,0.25,512,Adam,0.6581418748951869,0.41483456682629516,0.8376002637072849,0.6682424156281457,train,2,count
1,"(1, 1)",0.75,0.25,512,Adam,0.6588965285929901,0.4181523500810373,0.8436886854153042,0.6703525769178352,val,2,count
0,"(1, 1)",0.75,0.25,512,Adam,0.6568841187321818,0.41528579910401037,0.8420707015431761,0.668941598025016,train,3,count
1,"(1, 1)",0.75,0.25,512,Adam,0.6614120409190005,0.4172891036906854,0.8347615908591518,0.6689055415295884,val,3,count
0,"(1, 1)",1.0,0.0,512,Adam,0.9594164011403656,0.9723479683665122,0.9496617482554733,0.9904793377333544,train,1,count
1,"(1, 1)",1.0,0.0,512,Adam,0.8598021130303538,0.8755378657487092,0.8576396206533193,0.9386238283252208,val,1,count
0,"(1, 1)",1.0,0.0,512,Adam,0.9565934373078429,0.9585215829296173,0.9570108695652174,0.9899066415759386,train,2,count
1,"(1, 1)",1.0,0.0,512,Adam,0.8571188998826095,0.8512958963282937,0.8698962701390421,0.9379426813545263,val,2,count
0,"(1, 1)",1.0,0.0,512,Adam,0.9588853485382078,0.9684199180857943,0.9530628480509149,0.990426623929263,train,3,count
1,"(1, 1)",1.0,0.0,512,Adam,0.8543797864609537,0.8760330578512396,0.8430540827147401,0.9330227955650321,val,3,count
0,"(1, 1)",1.0,0.25,512,Adam,0.6570238694169601,0.41292104408101377,0.842076200993926,0.6682374322404588,train,1,count
1,"(1, 1)",1.0,0.25,512,Adam,0.6611325395494438,0.4220403709765412,0.8348802072091518,0.6704215884693803,val,1,count
0,"(1, 1)",1.0,0.25,512,Adam,0.6579182737995416,0.4166350582497968,0.8392272429600524,0.6690277276411668,train,2,count
1,"(1, 1)",1.0,0.25,512,Adam,0.6593437307842809,0.4145597210113339,0.8404772425983208,0.668810945844383,val,2,count
0,"(1, 1)",1.0,0.25,512,Adam,0.6602381351668624,0.41829780273703726,0.8376460312261164,0.669638570835817,train,3,count
1,"(1, 1)",1.0,0.25,512,Adam,0.6547040080496395,0.411302475780409,0.8436741002428793,0.6676261827826625,val,3,count
0,"(1, 1)",0.25,0.0,512,Adam,0.9456369836212197,0.9460445363967986,0.9479541734860883,0.9862556092150558,train,1,tfidf
1,"(1, 1)",0.25,0.0,512,Adam,0.8373861031919057,0.8418609671848014,0.8437736665584766,0.9263082088057871,val,1,tfidf
0,"(1, 1)",0.25,0.0,512,Adam,0.947146291016826,0.9662202461638562,0.9335708298407376,0.9859123850297741,train,2,tfidf
1,"(1, 1)",0.25,0.0,512,Adam,0.8377215048353737,0.8677622986504135,0.825276886450678,0.9226029093979209,val,2,tfidf
0,"(1, 1)",0.25,0.0,512,Adam,0.9475096427972497,0.9558855408627791,0.9431076890172174,0.9865033226592215,train,3,tfidf
1,"(1, 1)",0.25,0.0,512,Adam,0.8367712001788808,0.8529251552456695,0.8329609532929035,0.922948159885247,val,3,tfidf
0,"(1, 1)",0.5,0.0,512,Adam,0.9477891441668064,0.9633836335118179,0.9373256854180919,0.98699723194274,train,1,tfidf
1,"(1, 1)",0.5,0.0,512,Adam,0.8429202303091285,0.8710347845110479,0.829997915363769,0.9271699979918733,val,1,tfidf
0,"(1, 1)",0.5,0.0,512,Adam,0.9494661523841467,0.9614526052158763,0.9413614798230183,0.987030404161369,train,2,tfidf
1,"(1, 1)",0.5,0.0,512,Adam,0.8423612275700151,0.8608592400690847,0.8389438249526615,0.9272378413556608,val,2,tfidf
0,"(1, 1)",0.5,0.0,512,Adam,0.9481245458102745,0.9494729979354558,0.9496793826757961,0.9867074015098192,train,3,tfidf
1,"(1, 1)",0.5,0.0,512,Adam,0.8438705349656214,0.8504065040650407,0.8473752430330524,0.9284637236723244,val,3,tfidf
0,"(1, 1)",0.5,0.25,512,Adam,0.6568561685952261,0.41415017619951205,0.8385290889132822,0.6646753794413472,train,1,tfidf
1,"(1, 1)",0.5,0.25,512,Adam,0.6614679411929119,0.41955149139995646,0.8418523372651813,0.6681309907650134,val,1,tfidf
0,"(1, 1)",0.5,0.25,512,Adam,0.6585890770864777,0.4145640023875414,0.842709022722259,0.6661507869452484,train,2,tfidf
1,"(1, 1)",0.5,0.25,512,Adam,0.6580021242104086,0.4187133231906107,0.8336218087408048,0.6651446473853524,val,2,tfidf
0,"(1, 1)",0.5,0.25,512,Adam,0.6597350327016602,0.41913204263650206,0.8377173913043479,0.6666390517955368,train,3,tfidf
1,"(1, 1)",0.5,0.25,512,Adam,0.6557102129800436,0.40960727036676403,0.8435828877005348,0.6642068274110018,val,3,tfidf
0,"(1, 1)",0.75,0.0,512,Adam,0.947230141427693,0.9423139598044541,0.9545504566963794,0.9870174559167297,train,1,tfidf
1,"(1, 1)",0.75,0.0,512,Adam,0.8378892056571077,0.8248563062574558,0.8554718254414576,0.9281541734229871,val,1,tfidf
0,"(1, 1)",0.75,0.0,512,Adam,0.9486555984124322,0.9472799262352878,0.952809601745772,0.9871318786634327,train,2,tfidf
1,"(1, 1)",0.75,0.0,512,Adam,0.8378333053831963,0.8355449206003915,0.8468746554955352,0.9265969267903924,val,2,tfidf
0,"(1, 1)",0.75,0.0,512,Adam,0.9458326345799094,0.9594895465653,0.9368008058957638,0.9866548829126272,train,3,tfidf
1,"(1, 1)",0.75,0.0,512,Adam,0.8437028341438874,0.8693576388888888,0.8342357351103706,0.9281034149623832,val,3,tfidf
0,"(1, 1)",0.75,0.25,512,Adam,0.6582536754430097,0.41499294322006297,0.840571742715778,0.6657578801751837,train,1,tfidf
1,"(1, 1)",0.75,0.25,512,Adam,0.6586729274973447,0.4178521012053426,0.8377966470716307,0.6660448379240305,val,1,tfidf
0,"(1, 1)",0.75,0.25,512,Adam,0.6591480798255911,0.41418052904281427,0.8393015030946065,0.6654198588722837,train,2,tfidf
1,"(1, 1)",0.75,0.25,512,Adam,0.6568841187321818,0.4194277108433735,0.840301724137931,0.666563583555682,val,2,tfidf
0,"(1, 1)",0.75,0.25,512,Adam,0.6577785231147633,0.4186436098351797,0.83905556157262,0.6663066946298575,train,3,tfidf
1,"(1, 1)",0.75,0.25,512,Adam,0.6596232321538376,0.41047556432171817,0.8408529741863076,0.664783599803219,val,3,tfidf
0,"(1, 1)",1.0,0.0,512,Adam,0.9491587008776343,0.9553672621296346,0.9469348454049428,0.9872229439129975,train,1,tfidf
1,"(1, 1)",1.0,0.0,512,Adam,0.8419140253787244,0.8559657218193804,0.8370219166308551,0.9275564129276792,val,1,tfidf
0,"(1, 1)",1.0,0.0,512,Adam,0.9486835485493879,0.9510623190780491,0.9487822154416172,0.9871929182974004,train,2,tfidf
1,"(1, 1)",1.0,0.0,512,Adam,0.8424171278439264,0.8487449045269255,0.8488359618066731,0.9285392997638638,val,2,tfidf
0,"(1, 1)",1.0,0.0,512,Adam,0.9488512493711219,0.9554385584020842,0.9457876638727702,0.9868344752256291,train,3,tfidf
1,"(1, 1)",1.0,0.0,512,Adam,0.8449885404438482,0.8536982730531117,0.8464354942924833,0.9288350395033855,val,3,tfidf
0,"(1, 1)",1.0,0.25,512,Adam,0.6588406283190787,0.4147427888532783,0.8420646299768391,0.6661822216021326,train,1,tfidf
1,"(1, 1)",1.0,0.25,512,Adam,0.6574990217452066,0.4183474300585556,0.8348842241938974,0.6651897328307051,val,1,tfidf
0,"(1, 1)",1.0,0.25,512,Adam,0.6603219855777294,0.4185781063159039,0.8409959593753412,0.6674352799642629,train,2,tfidf
1,"(1, 1)",1.0,0.25,512,Adam,0.6545363072279055,0.4107007473193978,0.8369013462811742,0.6626972601692115,val,2,tfidf
0,"(1, 1)",1.0,0.25,512,Adam,0.656017664486556,0.4145218098076402,0.8358828671328671,0.6639081369075146,train,3,tfidf
1,"(1, 1)",1.0,0.25,512,Adam,0.6631449494102521,0.4188099389712293,0.8472222222222222,0.6696368069698336,val,3,tfidf
