,ngram_range,max_df,min_df,max_features,n_estimators,criterion,max_depth,Acc,recall,PPV,AUC,dataset,fold,vector
0,"(2, 2)",0.25,0.0,,100,gini,2,0.5213239233223861,0.9999549224666426,0.5191070133152365,0.6879111996968489,train,1,count
1,"(2, 2)",0.25,0.0,,100,gini,2,0.5117384013415316,1.0,0.5096369760479041,0.6749119192463136,val,1,count
0,"(2, 2)",0.25,0.0,,100,gini,2,0.5203456548575688,0.9999094735889196,0.5175718101307343,0.6665975841697976,train,2,count
1,"(2, 2)",0.25,0.0,,100,gini,2,0.5215204024594746,0.9998194293968942,0.5188343328335832,0.6640673326788865,val,2,count
0,"(2, 2)",0.25,0.0,,100,gini,2,0.5218241952764708,0.9999548349216386,0.5188778738662729,0.696811165615403,train,3,count
1,"(2, 2)",0.25,0.0,,100,gini,2,0.5166309512717786,0.9998178506375228,0.5141438741101536,0.6821060399033215,val,3,count
0,"(2, 2)",0.25,0.0,,100,gini,2,0.5213117808729678,1.0,0.5175700100936598,0.6971674727604382,train,4,count
1,"(2, 2)",0.25,0.0,,100,gini,2,0.5281841050964315,1.0,0.5243283862483562,0.6908098638599081,val,4,count
0,"(2, 2)",0.25,0.0,,100,gini,2,0.5270880886942749,0.9999546629188013,0.5206921787577611,0.701054367169322,train,5,count
1,"(2, 2)",0.25,0.0,,100,gini,2,0.5318177583154756,0.9998205956225332,0.5259035576106446,0.6918619406288703,val,5,count
0,"(2, 2)",0.25,0.0,,100,gini,10,0.6266741201406844,0.9982782057091074,0.5794540003156068,0.8561366283646342,train,1,count
1,"(2, 2)",0.25,0.0,,100,gini,10,0.6281907956027576,0.9960438770005394,0.5825620530079932,0.8428393586232139,val,1,count
0,"(2, 2)",0.25,0.0,,100,gini,10,0.6316353387836862,0.9986899760581831,0.5834168997730511,0.8524610353006146,train,2,count
1,"(2, 2)",0.25,0.0,,100,gini,10,0.6228805664244457,0.9976337823079723,0.5759773013871374,0.841072547567506,val,2,count
0,"(2, 2)",0.25,0.0,,100,gini,10,0.6046955792611916,0.999232054930659,0.5660908509277032,0.8383820417908439,train,3,count
1,"(2, 2)",0.25,0.0,,100,gini,10,0.5924718158949036,0.9985438660356752,0.5568412505075112,0.8191591715767873,val,3,count
0,"(2, 2)",0.25,0.0,,100,gini,10,0.6203242185680347,0.9990058743786715,0.5759241409852294,0.8559497176452822,train,4,count
1,"(2, 2)",0.25,0.0,,100,gini,10,0.6150190999720488,0.9972732230503545,0.5712798083932105,0.8375574054647834,val,4,count
0,"(2, 2)",0.25,0.0,,100,gini,10,0.6235617459356221,0.9985034013605442,0.5771771614323913,0.8471074048594092,train,5,count
1,"(2, 2)",0.25,0.0,,100,gini,10,0.6215410416472561,0.994803798602401,0.5792383933229004,0.8338437672849653,val,5,count
0,"(2, 2)",0.25,0.0,,100,gini,20,0.6889572124007174,0.9951124587048016,0.6240669788562508,0.8901112981383249,train,1,count
1,"(2, 2)",0.25,0.0,,100,gini,20,0.6829700018632383,0.9897000361402241,0.6207639125014167,0.8672152914848072,val,1,count
0,"(2, 2)",0.25,0.0,,100,gini,20,0.6884214939556984,0.9971580656802599,0.6241000592902115,0.8936576438419207,train,2,count
1,"(2, 2)",0.25,0.0,,100,gini,20,0.6711384386062977,0.9930441149551529,0.6083884714590109,0.8682877687058657,val,2,count
0,"(2, 2)",0.25,0.0,,100,gini,20,0.6877765873200726,0.9966535522091078,0.6230986711902743,0.8923531402412233,train,3,count
1,"(2, 2)",0.25,0.0,,100,gini,20,0.6768843752911581,0.990576295759333,0.6154019365007881,0.8691971920016319,val,3,count
0,"(2, 2)",0.25,0.0,,100,gini,20,0.6975357525504262,0.9955108148551217,0.6301196865761602,0.8912812306555375,train,4,count
1,"(2, 2)",0.25,0.0,,100,gini,20,0.6922575235255753,0.9887056292577985,0.6299257567104511,0.8712543284393901,val,4,count
0,"(2, 2)",0.25,0.0,,100,gini,20,0.6975590441142219,0.9965147331734033,0.6303974344290459,0.8901866788077434,train,5,count
1,"(2, 2)",0.25,0.0,,100,gini,20,0.6862014348271686,0.9925966052726616,0.6229601087941976,0.8609391722115223,val,5,count
0,"(2, 2)",0.25,0.0,,100,gini,50,0.7644702210420888,0.9928648843930635,0.6883531621790858,0.9220432605150233,train,1,count
1,"(2, 2)",0.25,0.0,,100,gini,50,0.7485559903111608,0.9726626571897211,0.676768957646462,0.8804744370575787,val,1,count
0,"(2, 2)",0.25,0.0,,100,gini,50,0.7702466634057717,0.9954747035930853,0.6925886279201562,0.9270912359050375,train,2,count
1,"(2, 2)",0.25,0.0,,100,gini,50,0.7395192845164896,0.973070666907645,0.6704021915079068,0.8814361910201409,val,2,count
0,"(2, 2)",0.25,0.0,,100,gini,50,0.7664787813853822,0.9956639566395664,0.6894351660724338,0.9264449589768573,train,3,count
1,"(2, 2)",0.25,0.0,,100,gini,50,0.7408925743035498,0.978328173374613,0.6686582026387852,0.8862118449731937,val,3,count
0,"(2, 2)",0.25,0.0,,100,gini,50,0.7690641449666931,0.995706408749887,0.6916894289033312,0.9287236126458708,train,4,count
1,"(2, 2)",0.25,0.0,,100,gini,50,0.7394018447777881,0.981289736603088,0.6672430830039525,0.885193452846303,val,4,count
0,"(2, 2)",0.25,0.0,,100,gini,50,0.7756789490846415,0.9940952034883721,0.6972950584636951,0.926777139116514,train,5,count
1,"(2, 2)",0.25,0.0,,100,gini,50,0.7587813286126899,0.9772039180765806,0.6903623553095118,0.8878923304928009,val,5,count
0,"(2, 2)",0.25,0.0,,100,gini,100,0.8149675075117043,0.9966020297209134,0.736523136677158,0.9491310215640733,train,1,count
1,"(2, 2)",0.25,0.0,,100,gini,100,0.7717533072479971,0.9593452059722972,0.7057033214238454,0.8896445247424858,val,1,count
0,"(2, 2)",0.25,0.0,,100,gini,100,0.8137330258775302,0.9972423146473779,0.7354225704284048,0.9500008536360421,train,2,count
1,"(2, 2)",0.25,0.0,,100,gini,100,0.7774361840879448,0.9622573035746689,0.7085783003741315,0.8964920315149209,val,2,count
0,"(2, 2)",0.25,0.0,,100,gini,100,0.8121768295523362,0.9952516619183286,0.7344078486334968,0.947562438445041,train,3,count
1,"(2, 2)",0.25,0.0,,100,gini,100,0.7743408180378273,0.9594055817325118,0.7066203950880939,0.888352787373807,val,3,count
0,"(2, 2)",0.25,0.0,,100,gini,100,0.8131783667955467,0.9960594256726153,0.7348705096073517,0.949583252370601,train,4,count
1,"(2, 2)",0.25,0.0,,100,gini,100,0.7713593589863039,0.9607419412929947,0.7046625280676264,0.8856496401472091,val,4,count
0,"(2, 2)",0.25,0.0,,100,gini,100,0.8140867377835748,0.9958448127907502,0.7364641437589766,0.949045826411274,train,5,count
1,"(2, 2)",0.25,0.0,,100,gini,100,0.7678188763626199,0.9606557377049181,0.6985430463576159,0.8882450605491163,val,5,count
0,"(2, 2)",0.25,0.0,,100,entropy,2,0.5191111732233946,1.0,0.5171994481210392,0.6916091528659147,train,1,count
1,"(2, 2)",0.25,0.0,,100,entropy,2,0.5171417924352525,1.0,0.5154716275591287,0.6865629738026647,val,1,count
0,"(2, 2)",0.25,0.0,,100,entropy,2,0.5192742179675308,1.0,0.517205080820604,0.673607468327357,train,2,count
1,"(2, 2)",0.25,0.0,,100,entropy,2,0.519284516489659,0.9998188733925013,0.5169023316789961,0.6681456182874705,val,2,count
0,"(2, 2)",0.25,0.0,,100,entropy,2,0.5237573950715051,0.9999546176537327,0.5186911487758945,0.6772684161877107,train,3,count
1,"(2, 2)",0.25,0.0,,100,entropy,2,0.5315382465293953,1.0,0.5267319277108434,0.6660801056067329,val,3,count
0,"(2, 2)",0.25,0.0,,100,entropy,2,0.5237108119439139,0.9997739193344185,0.519586417577253,0.7084446795272139,train,4,count
1,"(2, 2)",0.25,0.0,,100,entropy,2,0.521382651635144,0.999818676337262,0.5177464788732394,0.6968982638033419,val,4,count
0,"(2, 2)",0.25,0.0,,100,entropy,2,0.5214981133833325,1.0,0.5187631763879128,0.6779215414519291,train,5,count
1,"(2, 2)",0.25,0.0,,100,entropy,2,0.5165377806764185,1.0,0.5138654674910998,0.6752766344464949,val,5,count
0,"(2, 2)",0.25,0.0,,100,entropy,10,0.6207812172454755,0.9988260260983429,0.5764279758182197,0.8523804000239454,train,1,count
1,"(2, 2)",0.25,0.0,,100,entropy,10,0.6144028321222285,0.9983588621444202,0.5700156168662155,0.839404640338995,val,1,count
0,"(2, 2)",0.25,0.0,,100,entropy,10,0.6093680851559407,0.9993670599936706,0.5688075755236478,0.85097316383115,train,2,count
1,"(2, 2)",0.25,0.0,,100,entropy,10,0.606856716974101,0.997278664731495,0.5665842094413523,0.8355305113344847,val,2,count
0,"(2, 2)",0.25,0.0,,100,entropy,10,0.6168770671262869,0.9985510527507357,0.5732518845853912,0.8442018334383701,train,3,count
1,"(2, 2)",0.25,0.0,,100,entropy,10,0.6130625174694866,0.9985575189325641,0.5719301869255397,0.8271656630549716,val,3,count
0,"(2, 2)",0.25,0.0,,100,entropy,10,0.6175059393487679,0.9987311369918883,0.5734394921031405,0.8514559141933138,train,4,count
1,"(2, 2)",0.25,0.0,,100,entropy,10,0.6154849529488493,0.9971243709561467,0.5743865824619526,0.8408182997711152,val,4,count
0,"(2, 2)",0.25,0.0,,100,entropy,10,0.619159640378255,0.9985524292047407,0.5749485583309457,0.8531976904806531,train,5,count
1,"(2, 2)",0.25,0.0,,100,entropy,10,0.6133420292555669,0.9963800904977376,0.5713544369486248,0.8312306163160053,val,5,count
0,"(2, 2)",0.25,0.0,,100,entropy,20,0.6875131018097966,0.9965604634322954,0.622737556561086,0.8845527908304648,train,1,count
1,"(2, 2)",0.25,0.0,,100,entropy,20,0.679523010993106,0.9922312556458898,0.6178422769715378,0.8641037736914523,val,1,count
0,"(2, 2)",0.25,0.0,,100,entropy,20,0.6883516176367829,0.9966511291125492,0.6233689037334768,0.8893198458396574,train,2,count
1,"(2, 2)",0.25,0.0,,100,entropy,20,0.6817588969629216,0.9927719551861222,0.619391206313416,0.8663399509326957,val,2,count
0,"(2, 2)",0.25,0.0,,100,entropy,20,0.6945311408207947,0.9970101925254813,0.627788236636431,0.8934703662302086,train,3,count
1,"(2, 2)",0.25,0.0,,100,entropy,20,0.6930028882884561,0.9933405327573794,0.6288025521248718,0.8740226472436581,val,3,count
0,"(2, 2)",0.25,0.0,,100,entropy,20,0.6806726603624167,0.9975676771316607,0.6185794486495545,0.8938115968757687,train,4,count
1,"(2, 2)",0.25,0.0,,100,entropy,20,0.6643995155129041,0.9933701657458563,0.6020089285714286,0.868428204751541,val,4,count
0,"(2, 2)",0.25,0.0,,100,entropy,20,0.6959053430847347,0.9966900929494446,0.6286858286858287,0.8938409324602232,train,5,count
1,"(2, 2)",0.25,0.0,,100,entropy,20,0.6923506941209354,0.9930057388809183,0.6292045454545454,0.8766667111799954,val,5,count
0,"(2, 2)",0.25,0.0,,100,entropy,50,0.7603708103323784,0.995993156852152,0.6844564074005322,0.9257696592408764,train,1,count
1,"(2, 2)",0.25,0.0,,100,entropy,50,0.7367244270542203,0.9819154825613582,0.661075910050938,0.8852738622008172,val,1,count
0,"(2, 2)",0.25,0.0,,100,entropy,50,0.7659842079519251,0.995158371040724,0.6887232643347008,0.9264839567749826,train,2,count
1,"(2, 2)",0.25,0.0,,100,entropy,50,0.7458542947643003,0.9811968902549267,0.674077754316234,0.887398105893666,val,2,count
0,"(2, 2)",0.25,0.0,,100,entropy,50,0.7695532678064005,0.9953399990951455,0.6920197540184329,0.9265559242884038,train,3,count
1,"(2, 2)",0.25,0.0,,100,entropy,50,0.7442467157365136,0.9779305354558611,0.6733092539544152,0.8867519959517941,val,3,count
0,"(2, 2)",0.25,0.0,,100,entropy,50,0.7651278706852378,0.9971048584094816,0.6874805065186201,0.9257019470376256,train,4,count
1,"(2, 2)",0.25,0.0,,100,entropy,50,0.7435945215689929,0.977737556561086,0.672643506412651,0.8844598981031617,val,4,count
0,"(2, 2)",0.25,0.0,,100,entropy,50,0.7669446126612941,0.993819024678453,0.6890065223556102,0.9245791223178589,train,5,count
1,"(2, 2)",0.25,0.0,,100,entropy,50,0.7535637752725239,0.9783226723525231,0.6857641051189438,0.8898031529772433,val,5,count
0,"(2, 2)",0.25,0.0,,100,entropy,100,0.8089814361912748,0.9958966496821031,0.7314213803152736,0.9476941320914715,train,1,count
1,"(2, 2)",0.25,0.0,,100,entropy,100,0.7729644121483138,0.9660799413274661,0.7005717324823827,0.892369480003556,val,1,count
0,"(2, 2)",0.25,0.0,,100,entropy,100,0.8031584096149815,0.9972466711803205,0.7247736517517386,0.9466748287378156,train,2,count
1,"(2, 2)",0.25,0.0,,100,entropy,100,0.7711011738401341,0.9682249817384952,0.6990112063282795,0.894453538536429,val,2,count
0,"(2, 2)",0.25,0.0,,100,entropy,100,0.8110122513625565,0.9955748216382191,0.7333688131985099,0.9464082469842889,train,3,count
1,"(2, 2)",0.25,0.0,,100,entropy,100,0.7775086182800708,0.96718322698268,0.706109410355384,0.8934223846354805,val,3,count
0,"(2, 2)",0.25,0.0,,100,entropy,100,0.8124097451902921,0.9949197133266806,0.7341678939617083,0.9475395638321502,train,4,count
1,"(2, 2)",0.25,0.0,,100,entropy,100,0.7774154476847107,0.960787824529991,0.7120488322717622,0.8921912639235825,val,4,count
0,"(2, 2)",0.25,0.0,,100,entropy,100,0.8131084921041599,0.9954090909090909,0.7343236536784924,0.9473541270399612,train,5,count
1,"(2, 2)",0.25,0.0,,100,entropy,100,0.7739681356563869,0.9623512697567039,0.709943665662256,0.8858505977264653,val,5,count
0,"(2, 2)",0.5,0.0,,100,gini,2,0.5239792234411758,0.9997739602169982,0.5197781277175829,0.6859054936714074,train,1,count
1,"(2, 2)",0.5,0.0,,100,gini,2,0.5210545928824296,1.0,0.5173676304919264,0.6794939006466556,val,1,count
0,"(2, 2)",0.5,0.0,,100,gini,2,0.5192043416486153,1.0,0.5176313883111724,0.6816245065772633,train,2,count
1,"(2, 2)",0.5,0.0,,100,gini,2,0.5135084777343022,1.0,0.5120538217155672,0.674952920819452,val,2,count
0,"(2, 2)",0.5,0.0,,100,gini,2,0.5251083057716495,0.9997284084736556,0.5200499187642751,0.6863301976643876,train,3,count
1,"(2, 2)",0.5,0.0,,100,gini,2,0.5246436224727477,0.9996389239935006,0.5205415060637397,0.6805909758944573,val,3,count
0,"(2, 2)",0.5,0.0,,100,gini,2,0.5233148553593888,0.999954749083669,0.5191833282428401,0.7108444152197586,train,4,count
1,"(2, 2)",0.5,0.0,,100,gini,2,0.5238050871145067,1.0,0.5197782580099596,0.7061146258791381,val,4,count
0,"(2, 2)",0.5,0.0,,100,gini,2,0.5275772115339824,1.0,0.5210060219624513,0.7089472138242834,train,5,count
1,"(2, 2)",0.5,0.0,,100,gini,2,0.5302338581943539,0.9998204345483929,0.5248374022056744,0.7123709190760683,val,5,count
0,"(2, 2)",0.5,0.0,,100,gini,10,0.6232268884075187,0.99877916440586,0.5776714263298289,0.8547868550104432,train,1,count
1,"(2, 2)",0.5,0.0,,100,gini,10,0.6153344512763183,0.9969174977334542,0.5721123829344433,0.8363572357574154,val,1,count
0,"(2, 2)",0.5,0.0,,100,gini,10,0.6151445275196236,0.9989614377314188,0.5727934132511716,0.8536389742491446,train,2,count
1,"(2, 2)",0.5,0.0,,100,gini,10,0.6031302403577418,0.9963536918869644,0.5631117980422463,0.8321372669326432,val,2,count
0,"(2, 2)",0.5,0.0,,100,gini,10,0.6208366329715377,0.999140465957928,0.5759662024722265,0.8556422685477505,train,3,count
1,"(2, 2)",0.5,0.0,,100,gini,10,0.6073791111525203,0.9980094100615273,0.5675036015641078,0.8314420174517989,val,3,count
0,"(2, 2)",0.5,0.0,,100,gini,10,0.6104951786462943,0.9979170440137656,0.5692367299496319,0.8451346700216352,train,4,count
1,"(2, 2)",0.5,0.0,,100,gini,10,0.6101742290133234,0.9960338921939788,0.5703520181686796,0.8314205167898401,val,4,count
0,"(2, 2)",0.5,0.0,,100,gini,10,0.6304094656915266,0.9980519186336247,0.5819574692907146,0.854885576902001,train,5,count
1,"(2, 2)",0.5,0.0,,100,gini,10,0.6317898071368676,0.9973011874775098,0.5847046413502109,0.8460038626482608,val,5,count
0,"(2, 2)",0.5,0.0,,100,gini,20,0.6873733491719656,0.9965202458423716,0.6229799977398576,0.8921747296496773,train,1,count
1,"(2, 2)",0.5,0.0,,100,gini,20,0.6775666107695174,0.9903688896965291,0.6152630390607361,0.8721241117225886,val,1,count
0,"(2, 2)",0.5,0.0,,100,gini,20,0.6974588312021056,0.996875,0.6301279665626521,0.8916311360771083,train,2,count
1,"(2, 2)",0.5,0.0,,100,gini,20,0.6908887646730016,0.990632318501171,0.6273816314888762,0.8651545299366202,val,2,count
0,"(2, 2)",0.5,0.0,,100,gini,20,0.6946010155121815,0.9966971314813139,0.6281795368997376,0.8911853569197609,train,3,count
1,"(2, 2)",0.5,0.0,,100,gini,20,0.6853628994689276,0.9922228251039971,0.6219954648526077,0.8704157062148306,val,3,count
0,"(2, 2)",0.5,0.0,,100,gini,20,0.6821167373177435,0.998419935894542,0.6189929748943436,0.8927124058310586,train,4,count
1,"(2, 2)",0.5,0.0,,100,gini,20,0.6641200037268238,0.9948905109489051,0.6038320965776941,0.8628027467099092,val,4,count
0,"(2, 2)",0.5,0.0,,100,gini,20,0.697605627241813,0.9974164891447219,0.6299667926256728,0.8922651952598715,train,5,count
1,"(2, 2)",0.5,0.0,,100,gini,20,0.6921643529302153,0.9919181034482759,0.6289000227738556,0.8682970243460071,val,5,count
0,"(2, 2)",0.5,0.0,,100,gini,50,0.7675913632869821,0.9960732984293194,0.6905193992490614,0.9280097966957176,train,1,count
1,"(2, 2)",0.5,0.0,,100,gini,50,0.7464132662567542,0.9824657534246576,0.6719550281074329,0.8869171613611283,val,1,count
0,"(2, 2)",0.5,0.0,,100,gini,50,0.7772808795099341,0.993766210128771,0.6985446985446986,0.9292044704148223,train,2,count
1,"(2, 2)",0.5,0.0,,100,gini,50,0.7632755729457797,0.9761230986911921,0.696403785488959,0.8871969952287977,val,2,count
0,"(2, 2)",0.5,0.0,,100,gini,50,0.7748637443517957,0.9943382552767461,0.6970534069981584,0.9258227492369089,train,3,count
1,"(2, 2)",0.5,0.0,,100,gini,50,0.7525388987235628,0.9719070772555376,0.6834240850956059,0.8822660122498047,val,3,count
0,"(2, 2)",0.5,0.0,,100,gini,50,0.7718358410583687,0.9943985183177486,0.6947451475461575,0.9242419470707477,train,4,count
1,"(2, 2)",0.5,0.0,,100,gini,50,0.7432218391875524,0.9708773207135056,0.6726355611601513,0.8836901009781237,val,4,count
0,"(2, 2)",0.5,0.0,,100,gini,50,0.7633577118367727,0.9944083694083694,0.68723510346547,0.9246586370601811,train,5,count
1,"(2, 2)",0.5,0.0,,100,gini,50,0.7355818503680238,0.9772685609532539,0.6626476072094468,0.8806274353984459,val,5,count
0,"(2, 2)",0.5,0.0,,100,gini,100,0.8156196864882491,0.9969264147532092,0.7375601926163724,0.9488993623670148,train,1,count
1,"(2, 2)",0.5,0.0,,100,gini,100,0.7643935159306875,0.9591429090248774,0.696282625889797,0.8837364372922384,val,1,count
0,"(2, 2)",0.5,0.0,,100,gini,100,0.815596394381944,0.9959704803730701,0.7375444243277677,0.9493354346529149,train,2,count
1,"(2, 2)",0.5,0.0,,100,gini,100,0.781628470281349,0.9572510822510822,0.7158079309414621,0.8928637809418156,val,2,count
0,"(2, 2)",0.5,0.0,,100,gini,100,0.817627055480505,0.9968249648478251,0.7390456333860174,0.9499468929881775,train,3,count
1,"(2, 2)",0.5,0.0,,100,gini,100,0.7779744712568714,0.9604226361031518,0.7126910299003322,0.8881213581684151,val,3,count
0,"(2, 2)",0.5,0.0,,100,gini,100,0.8138305305818233,0.996792989746601,0.7358452817605868,0.9490674806049834,train,4,count
1,"(2, 2)",0.5,0.0,,100,gini,100,0.7667939998136588,0.958667152221413,0.6981832648189895,0.8895320045753877,val,4,count
0,"(2, 2)",0.5,0.0,,100,gini,100,0.8155773978664927,0.9958421837574004,0.7379190248149761,0.9488499867773754,train,5,count
1,"(2, 2)",0.5,0.0,,100,gini,100,0.7748066710146277,0.9611191860465116,0.705992259442146,0.8922434790379681,val,5,count
0,"(2, 2)",0.5,0.0,,100,entropy,2,0.521999394405236,0.9998644619137977,0.5188980070339977,0.680624065858203,train,1,count
1,"(2, 2)",0.5,0.0,,100,entropy,2,0.5188187069126141,0.9996361651810078,0.5155751548132858,0.6822847527470761,val,1,count
0,"(2, 2)",0.5,0.0,,100,entropy,2,0.523327044464631,0.9998640996602491,0.5189260356420746,0.6966140771546194,train,2,count
1,"(2, 2)",0.5,0.0,,100,entropy,2,0.5265511458915595,0.999820014398848,0.5222828130876269,0.6902833115181608,val,2,count
0,"(2, 2)",0.5,0.0,,100,entropy,2,0.5221502771696092,0.9999095677337674,0.5187670076006381,0.7009241601601741,train,3,count
1,"(2, 2)",0.5,0.0,,100,entropy,2,0.5198919221093823,0.999818676337262,0.5169698106131633,0.6894797525964068,val,3,count
0,"(2, 2)",0.5,0.0,,100,entropy,2,0.5196114967158895,1.0,0.5172841528775716,0.6756389147662123,train,4,count
1,"(2, 2)",0.5,0.0,,100,entropy,2,0.519705580918662,1.0,0.5175028079371022,0.6612002933592134,val,4,count
0,"(2, 2)",0.5,0.0,,100,entropy,2,0.5318628592723715,0.9997284699280445,0.5236819647259624,0.6945107696796825,train,5,count
1,"(2, 2)",0.5,0.0,,100,entropy,2,0.5337743408180379,0.9996385977593061,0.5251566356559711,0.6880161095448494,val,5,count
0,"(2, 2)",0.5,0.0,,100,entropy,10,0.6268604569911257,0.9975927692237816,0.579051435501305,0.8466846121696343,train,1,count
1,"(2, 2)",0.5,0.0,,100,entropy,10,0.6298677100801192,0.9964374777342359,0.5859432282392375,0.8360482373864446,val,1,count
0,"(2, 2)",0.5,0.0,,100,entropy,10,0.6134907879719563,0.9994132779708444,0.5718269851517108,0.852004831571884,train,2,count
1,"(2, 2)",0.5,0.0,,100,entropy,10,0.6054592882429662,0.9979905005480453,0.5639516878290493,0.8391938003503601,val,2,count
0,"(2, 2)",0.5,0.0,,100,entropy,10,0.6392369683700564,0.9976443941109853,0.5879071009076348,0.852175756794922,train,3,count
1,"(2, 2)",0.5,0.0,,100,entropy,10,0.6326283424951086,0.9978401727861771,0.5851187335092348,0.8365814007044785,val,3,count
0,"(2, 2)",0.5,0.0,,100,entropy,10,0.6151767829692085,0.9985590778097982,0.5735271297780996,0.8511908645126436,train,4,count
1,"(2, 2)",0.5,0.0,,100,entropy,10,0.5985279045933104,0.9966808039830353,0.5574463696369637,0.8352492331434815,val,4,count
0,"(2, 2)",0.5,0.0,,100,entropy,10,0.6126147109516933,0.9987311369918883,0.5703232150712937,0.8521477270254268,train,5,count
1,"(2, 2)",0.5,0.0,,100,entropy,10,0.6116649585390851,0.9973040977713875,0.5719439290867863,0.8440737925132673,val,5,count
0,"(2, 2)",0.5,0.0,,100,entropy,20,0.7027461393333799,0.9950982616983616,0.6340553515139247,0.8862955968396253,train,1,count
1,"(2, 2)",0.5,0.0,,100,entropy,20,0.6925656791503634,0.9885673454805287,0.6310148232611175,0.8581044326022089,val,1,count
0,"(2, 2)",0.5,0.0,,100,entropy,20,0.6870938438963036,0.9968823423097777,0.6227560121937451,0.8870650126277747,train,2,count
1,"(2, 2)",0.5,0.0,,100,entropy,20,0.6798024967393329,0.9929078014184397,0.6163919620681869,0.8647760563568647,val,2,count
0,"(2, 2)",0.5,0.0,,100,entropy,20,0.6861694694181767,0.9972845763939174,0.621607898448519,0.8895409209654924,train,3,count
1,"(2, 2)",0.5,0.0,,100,entropy,20,0.6815429050591634,0.9929539295392954,0.6192676056338028,0.8713114070348091,val,3,count
0,"(2, 2)",0.5,0.0,,100,entropy,20,0.6821866120091303,0.997246919709347,0.6192825112107623,0.8906357184374548,train,4,count
1,"(2, 2)",0.5,0.0,,100,entropy,20,0.6657970744433057,0.993971501644136,0.6048916064480266,0.8695143971921961,val,4,count
0,"(2, 2)",0.5,0.0,,100,entropy,20,0.6937392276517446,0.9970596218221297,0.6275017793594306,0.8927971372668146,train,5,count
1,"(2, 2)",0.5,0.0,,100,entropy,20,0.6828472933942048,0.9909502262443439,0.6201155283724091,0.8690741358578171,val,5,count
0,"(2, 2)",0.5,0.0,,100,entropy,50,0.759113036591899,0.9955720224109886,0.6826321333415949,0.9243248384315519,train,1,count
1,"(2, 2)",0.5,0.0,,100,entropy,50,0.7413825228246693,0.9814511729405346,0.6686903729401561,0.8914870690216663,val,1,count
0,"(2, 2)",0.5,0.0,,100,entropy,50,0.7640043789159854,0.9953431594176688,0.6870240918736737,0.9254510186524499,train,2,count
1,"(2, 2)",0.5,0.0,,100,entropy,50,0.7356064840693125,0.9814982768002902,0.6641708604394255,0.8821938102945752,val,2,count
0,"(2, 2)",0.5,0.0,,100,entropy,50,0.7675036101923883,0.9948738885864634,0.6896540880503145,0.9269718233579406,train,3,count
1,"(2, 2)",0.5,0.0,,100,entropy,50,0.751793533960682,0.9769106855199571,0.6828474915551107,0.8887783331342658,val,3,count
0,"(2, 2)",0.5,0.0,,100,entropy,50,0.7593282713001351,0.9961142237484186,0.6826866503576626,0.9254745549741294,train,4,count
1,"(2, 2)",0.5,0.0,,100,entropy,50,0.7394018447777881,0.978359701763957,0.6676594688508315,0.8844349231384897,val,4,count
0,"(2, 2)",0.5,0.0,,100,entropy,50,0.7702520147202683,0.9957462213775002,0.6925158934978284,0.9227007474132097,train,5,count
1,"(2, 2)",0.5,0.0,,100,entropy,50,0.7486257337184384,0.9815651545273811,0.6765915036750966,0.889489531343408,val,5,count
0,"(2, 2)",0.5,0.0,,100,entropy,100,0.8113805231407076,0.996742523639325,0.7329740160361979,0.9479005789005687,train,1,count
1,"(2, 2)",0.5,0.0,,100,entropy,100,0.7739891932178126,0.9640014471780028,0.7052673372154579,0.891932135524356,val,1,count
0,"(2, 2)",0.5,0.0,,100,entropy,100,0.810495423101111,0.9959340411113621,0.7326110797248346,0.9464653079859267,train,2,count
1,"(2, 2)",0.5,0.0,,100,entropy,100,0.7760387553568101,0.9681586608442504,0.7047682119205299,0.8911766091261207,val,2,count
0,"(2, 2)",0.5,0.0,,100,entropy,100,0.8126659523920436,0.99678427465012,0.7340893929286191,0.9489281221355598,train,3,count
1,"(2, 2)",0.5,0.0,,100,entropy,100,0.768750582316221,0.9639769452449568,0.7010741419963322,0.8934526724781916,val,3,count
0,"(2, 2)",0.5,0.0,,100,entropy,100,0.8085666371640192,0.996835013790297,0.7301298185190092,0.9460867495094677,train,4,count
1,"(2, 2)",0.5,0.0,,100,entropy,100,0.7747135004192677,0.970076169749728,0.7036306235201263,0.8920064851905821,val,4,count
0,"(2, 2)",0.5,0.0,,100,entropy,100,0.8111985838729212,0.9970122227252151,0.7325705162320383,0.947560749846735,train,5,count
1,"(2, 2)",0.5,0.0,,100,entropy,100,0.7770427653032703,0.9648077964266378,0.70864262990456,0.8951428474498409,val,5,count
0,"(2, 2)",0.75,0.0,,100,gini,2,0.5216733049169636,0.9999547511312217,0.5183421682225454,0.6959107342097564,train,1,count
1,"(2, 2)",0.75,0.0,,100,gini,2,0.5201229737283398,0.9998192008678358,0.5177902621722846,0.68778914004976,val,1,count
0,"(2, 2)",0.75,0.0,,100,gini,2,0.5283348473202432,0.9998638653174207,0.5211324235472198,0.7152985293215275,train,2,count
1,"(2, 2)",0.75,0.0,,100,gini,2,0.5379168995714552,0.9998212370396854,0.5300416982562547,0.7030042610968672,val,2,count
0,"(2, 2)",0.75,0.0,,100,gini,2,0.5203335351935529,1.0,0.5183816651075772,0.6830690749338895,train,3,count
1,"(2, 2)",0.75,0.0,,100,gini,2,0.5123451038852138,1.0,0.5107954014393868,0.6778757239588435,val,3,count
0,"(2, 2)",0.75,0.0,,100,gini,2,0.5198211207900498,0.9999548145135783,0.5177213709205755,0.686925737956069,train,4,count
1,"(2, 2)",0.75,0.0,,100,gini,2,0.5174694866300196,1.0,0.5150294971439273,0.68054251863176,val,4,count
0,"(2, 2)",0.75,0.0,,100,gini,2,0.526971630875297,0.9999547306473517,0.5210038446116471,0.7077601604329874,train,5,count
1,"(2, 2)",0.75,0.0,,100,gini,2,0.5264138637845895,0.9996390543223245,0.5215630885122411,0.7070523481073572,val,5,count
0,"(2, 2)",0.75,0.0,,100,gini,10,0.6287471176018448,0.9975044239756795,0.5805429386289215,0.8489393696572416,train,1,count
1,"(2, 2)",0.75,0.0,,100,gini,10,0.6352711011738401,0.9958869814020028,0.5886269950322376,0.8385086713307726,val,1,count
0,"(2, 2)",0.75,0.0,,100,gini,10,0.6196166119302169,0.9981066582518144,0.5761384335154827,0.8521273014340192,train,2,count
1,"(2, 2)",0.75,0.0,,100,gini,10,0.6007080305571083,0.9963289280469897,0.559933979781308,0.8358266203969926,val,2,count
0,"(2, 2)",0.75,0.0,,100,gini,10,0.620650300461173,0.9987325728770595,0.5757378075829137,0.8504829541155312,train,3,count
1,"(2, 2)",0.75,0.0,,100,gini,10,0.6144600763998882,0.9967503159415056,0.5726584379213775,0.8303690434537665,val,3,count
0,"(2, 2)",0.75,0.0,,100,gini,10,0.6393301346252387,0.9965038140210679,0.5875250970418954,0.852558399836151,train,4,count
1,"(2, 2)",0.75,0.0,,100,gini,10,0.6427839373893599,0.9928660602817906,0.5947014207883773,0.8394044886063983,val,4,count
0,"(2, 2)",0.75,0.0,,100,gini,10,0.6048586202077607,0.9989633101956189,0.5667561692878148,0.8480793998584379,train,5,count
1,"(2, 2)",0.75,0.0,,100,gini,10,0.5929376688717041,0.9976124885215795,0.554965263588067,0.8283691508677755,val,5,count
0,"(2, 2)",0.75,0.0,,100,gini,20,0.6921715230708313,0.9974236123666607,0.6264406972122863,0.8925785624968487,train,1,count
1,"(2, 2)",0.75,0.0,,100,gini,20,0.6757965343767468,0.9947339749409843,0.613506551685519,0.8627586143645414,val,1,count
0,"(2, 2)",0.75,0.0,,100,gini,20,0.6804555935993292,0.9979191169818149,0.6173565051912797,0.8921900622939106,train,2,count
1,"(2, 2)",0.75,0.0,,100,gini,20,0.6790572014160611,0.9923981900452489,0.6170380373621427,0.8653513367483532,val,2,count
0,"(2, 2)",0.75,0.0,,100,gini,20,0.6975124609866307,0.9966933913122253,0.6301620940489145,0.8918327060117268,train,3,count
1,"(2, 2)",0.75,0.0,,100,gini,20,0.6905804528090934,0.9882967230824631,0.6276729559748427,0.8707477213140823,val,3,count
0,"(2, 2)",0.75,0.0,,100,gini,20,0.6882191270321889,0.9966978785000227,0.623362661612018,0.8897881962494668,train,4,count
1,"(2, 2)",0.75,0.0,,100,gini,20,0.6790272989844405,0.9922157856625634,0.6170212765957447,0.8660175726326725,val,4,count
0,"(2, 2)",0.75,0.0,,100,gini,20,0.6921321097498486,0.9965626413387607,0.6263929952240164,0.8908426198817668,train,5,count
1,"(2, 2)",0.75,0.0,,100,gini,20,0.6795863225566011,0.9918493026625611,0.6173618940248027,0.8687431564932498,val,5,count
0,"(2, 2)",0.75,0.0,,100,gini,50,0.7654950737195164,0.9956142333951259,0.6883185896033259,0.9271827883274808,train,1,count
1,"(2, 2)",0.75,0.0,,100,gini,50,0.7410098751630334,0.9756982227058397,0.6703214552703713,0.8849195082666622,val,1,count
0,"(2, 2)",0.75,0.0,,100,gini,50,0.7688957212400718,0.9944424362913429,0.6919328470824949,0.9250908347764044,train,2,count
1,"(2, 2)",0.75,0.0,,100,gini,50,0.7447363517793926,0.9752682305873795,0.6731517509727627,0.8859679618748082,val,2,count
0,"(2, 2)",0.75,0.0,,100,gini,50,0.7823636278939768,0.9913490871010335,0.7040126750088919,0.9253698732657946,train,3,count
1,"(2, 2)",0.75,0.0,,100,gini,50,0.7613901052827727,0.9710656316160904,0.696620680926465,0.8795141808570447,val,3,count
0,"(2, 2)",0.75,0.0,,100,gini,50,0.7623328830297667,0.9963495425661364,0.6859234898079488,0.9256114213960283,train,4,count
1,"(2, 2)",0.75,0.0,,100,gini,50,0.7365135563216249,0.9788680632120544,0.6625621890547264,0.8855435068224482,val,4,count
0,"(2, 2)",0.75,0.0,,100,gini,50,0.7681324824148693,0.9950277991230846,0.6909724402034026,0.9276229830080598,train,5,count
1,"(2, 2)",0.75,0.0,,100,gini,50,0.7406130625174695,0.9753086419753086,0.6698254364089775,0.8807619886515654,val,5,count
0,"(2, 2)",0.75,0.0,,100,gini,100,0.8092376493606317,0.9973834979925114,0.7310935484937667,0.9501932190977387,train,1,count
1,"(2, 2)",0.75,0.0,,100,gini,100,0.7744550027948575,0.9633967789165446,0.7032732130928524,0.8924199903595311,val,1,count
0,"(2, 2)",0.75,0.0,,100,gini,100,0.8197656814105699,0.9961854593342718,0.7413402723801156,0.9498534159870416,train,2,count
1,"(2, 2)",0.75,0.0,,100,gini,100,0.7776225079187629,0.9584670231729056,0.7139822068782367,0.8861884271840879,val,2,count
0,"(2, 2)",0.75,0.0,,100,gini,100,0.8173475567149578,0.9970097861544037,0.7389026929017527,0.9500909104997584,train,3,count
1,"(2, 2)",0.75,0.0,,100,gini,100,0.7738749650610267,0.9613239791329375,0.7072525145579672,0.889905423307051,val,3,count
0,"(2, 2)",0.75,0.0,,100,gini,100,0.8154376484837192,0.9966515837104072,0.7372472887936805,0.9483790603768554,train,4,count
1,"(2, 2)",0.75,0.0,,100,gini,100,0.7729432591074257,0.9623937805098536,0.7048463983050848,0.88956523473893,val,4,count
0,"(2, 2)",0.75,0.0,,100,gini,100,0.8111752923091257,0.9971124345785959,0.7331718807019872,0.9485802242173,train,5,count
1,"(2, 2)",0.75,0.0,,100,gini,100,0.7711730177955837,0.9643314432046827,0.6998539758396389,0.8949932895025784,val,5,count
0,"(2, 2)",0.75,0.0,,100,entropy,2,0.5214869680665223,0.9999549711815562,0.5194619883040935,0.6922666909717273,train,1,count
1,"(2, 2)",0.75,0.0,,100,entropy,2,0.5084777343022172,1.0,0.5068698009159734,0.6793570124499884,val,1,count
0,"(2, 2)",0.75,0.0,,100,entropy,2,0.5244683576735845,0.999818930786293,0.5197063460316713,0.7066908060864399,train,2,count
1,"(2, 2)",0.75,0.0,,100,entropy,2,0.5248742314141979,0.9996389891696751,0.5206844678450545,0.7047413080074343,val,2,count
0,"(2, 2)",0.75,0.0,,100,entropy,2,0.5243163926025993,0.9999547818222926,0.5198890351702088,0.715759031225466,train,3,count
1,"(2, 2)",0.75,0.0,,100,entropy,2,0.5219416752073046,1.0,0.5180802103879028,0.706290484627778,val,3,count
0,"(2, 2)",0.75,0.0,,100,entropy,2,0.5281362090650766,0.9998188569875917,0.5215316656036662,0.6909788968564285,train,4,count
1,"(2, 2)",0.75,0.0,,100,entropy,2,0.5293953228361129,0.999819787349072,0.5234949990564257,0.6903126939788952,val,4,count
0,"(2, 2)",0.75,0.0,,100,entropy,2,0.5357059672986444,0.999682222625749,0.5249594736340231,0.7168614474492523,train,5,count
1,"(2, 2)",0.75,0.0,,100,entropy,2,0.5440231063076493,0.9996430483669463,0.5337844277137139,0.7104925689001889,val,5,count
0,"(2, 2)",0.75,0.0,,100,entropy,10,0.6302145202990707,0.9981934784572306,0.5825821076493226,0.8523108695827558,train,1,count
1,"(2, 2)",0.75,0.0,,100,entropy,10,0.6191540898080865,0.9963563490617598,0.5734507706826046,0.8346727426601188,val,1,count
0,"(2, 2)",0.75,0.0,,100,entropy,10,0.6150979433070133,0.9989147637350215,0.572424336650083,0.8471056804070514,train,2,count
1,"(2, 2)",0.75,0.0,,100,entropy,10,0.6098378982671884,0.9974619289340102,0.5686233980983878,0.8363797632782822,val,2,count
0,"(2, 2)",0.75,0.0,,100,entropy,10,0.6219779195975218,0.9987762317001314,0.5762702999555428,0.8500634732202934,train,3,count
1,"(2, 2)",0.75,0.0,,100,entropy,10,0.6241498183173391,0.9969468390804598,0.5801630434782609,0.8380720525809215,val,3,count
0,"(2, 2)",0.75,0.0,,100,entropy,10,0.6273582708343038,0.9983714091834427,0.5802745056794278,0.8597479161890511,train,4,count
1,"(2, 2)",0.75,0.0,,100,entropy,10,0.624056647721979,0.99728555917481,0.5782184450739691,0.8401494104966442,val,4,count
0,"(2, 2)",0.75,0.0,,100,entropy,10,0.6220012111613173,0.9980089596814335,0.5767520920502092,0.8523835325627908,train,5,count
1,"(2, 2)",0.75,0.0,,100,entropy,10,0.6143669058045281,0.995119305856833,0.5724238327960902,0.8358993236880999,val,5,count
0,"(2, 2)",0.75,0.0,,100,entropy,20,0.6955721705913865,0.9952907082050353,0.6289704114920163,0.8857699473679909,train,1,count
1,"(2, 2)",0.75,0.0,,100,entropy,20,0.6887460406185951,0.9899044528574004,0.6256836827711941,0.866660938933291,val,1,count
0,"(2, 2)",0.75,0.0,,100,entropy,20,0.6835534437379173,0.9969746229567417,0.6202314736782966,0.8879583240539586,train,2,count
1,"(2, 2)",0.75,0.0,,100,entropy,20,0.6628470281348985,0.9927073837739289,0.6033909574468085,0.8607121936495956,val,2,count
0,"(2, 2)",0.75,0.0,,100,entropy,20,0.6874505054269343,0.9969699710564399,0.6227928920529988,0.889508453380115,train,3,count
1,"(2, 2)",0.75,0.0,,100,entropy,20,0.675859498742197,0.9920275412212357,0.6144781144781145,0.8697173546933066,val,3,count
0,"(2, 2)",0.75,0.0,,100,entropy,20,0.6827689011040201,0.996650522790024,0.6191199212709124,0.8865519246035098,train,4,count
1,"(2, 2)",0.75,0.0,,100,entropy,20,0.674089257430355,0.9933188876850849,0.6138138808301719,0.8645334656938447,val,4,count
0,"(2, 2)",0.75,0.0,,100,entropy,20,0.6953463455536405,0.9962877450314637,0.6286816169118697,0.8886422174816654,train,5,count
1,"(2, 2)",0.75,0.0,,100,entropy,20,0.6942141060281375,0.993323709852039,0.6291428571428571,0.8680342007142391,val,5,count
0,"(2, 2)",0.75,0.0,,100,entropy,50,0.7710385950201477,0.9947874172785786,0.6931653085717895,0.9235818246539003,train,1,count
1,"(2, 2)",0.75,0.0,,100,entropy,50,0.7506987143655673,0.9737834440653618,0.681881051175657,0.886632994812766,val,1,count
0,"(2, 2)",0.75,0.0,,100,entropy,50,0.7593692497612559,0.9959777647218331,0.6827137546468401,0.9232289959708921,train,2,count
1,"(2, 2)",0.75,0.0,,100,entropy,50,0.7393329606856717,0.9821947674418605,0.6669133974833457,0.8899780691393572,val,2,count
0,"(2, 2)",0.75,0.0,,100,entropy,50,0.7728373783015792,0.994148863790992,0.6948830131253567,0.9248916312873452,train,3,count
1,"(2, 2)",0.75,0.0,,100,entropy,50,0.7491847572905991,0.9751074498567335,0.6807951987997,0.881614579652432,val,3,count
0,"(2, 2)",0.75,0.0,,100,entropy,50,0.7640564587506405,0.994927536231884,0.6868004752079034,0.9256995647274425,train,4,count
1,"(2, 2)",0.75,0.0,,100,entropy,50,0.7487189043137986,0.9794631597910286,0.6779301745635911,0.8855534251324217,val,4,count
0,"(2, 2)",0.75,0.0,,100,entropy,50,0.7541342525737178,0.9960824927953891,0.6787664927891991,0.9247790122636896,train,5,count
1,"(2, 2)",0.75,0.0,,100,entropy,50,0.7271964967856145,0.9841416190300571,0.6525247585279375,0.8873072353819768,val,5,count
0,"(2, 2)",0.75,0.0,,100,entropy,100,0.8116600284163696,0.996335670662746,0.7334243564554265,0.9469832067101916,train,1,count
1,"(2, 2)",0.75,0.0,,100,entropy,100,0.7688652878703186,0.9641693811074918,0.7000394166338195,0.8947081712035215,val,1,count
0,"(2, 2)",0.75,0.0,,100,entropy,100,0.8090978967228006,0.9960218796618597,0.7309976444046316,0.9473096478097943,train,2,count
1,"(2, 2)",0.75,0.0,,100,entropy,100,0.7820942798583939,0.9707803992740471,0.7106416899163013,0.8992121730502525,val,2,count
0,"(2, 2)",0.75,0.0,,100,entropy,100,0.812130246424745,0.9961941008563273,0.7336581133838299,0.9473052528968764,train,3,count
1,"(2, 2)",0.75,0.0,,100,entropy,100,0.7728500885120656,0.9643884892086331,0.7053406998158379,0.8933650894865008,val,3,count
0,"(2, 2)",0.75,0.0,,100,entropy,100,0.8065635626775982,0.9960720574292293,0.7285997357992074,0.9470475786636862,train,4,count
1,"(2, 2)",0.75,0.0,,100,entropy,100,0.7707071648187832,0.9700839109813937,0.6983585029546947,0.890738676207051,val,4,count
0,"(2, 2)",0.75,0.0,,100,entropy,100,0.8126193692644524,0.9958329558836851,0.7343598650589532,0.9475114110542902,train,5,count
1,"(2, 2)",0.75,0.0,,100,entropy,100,0.7807695891176745,0.9641635152169998,0.713106020245072,0.8930573720281986,val,5,count
0,"(2, 2)",1.0,0.0,,100,gini,2,0.5200428574756015,1.0,0.5179093652761856,0.6956564800794658,train,1,count
1,"(2, 2)",1.0,0.0,,100,gini,2,0.5164896590273896,1.0,0.5142268813178584,0.6965247827609301,val,1,count
0,"(2, 2)",1.0,0.0,,100,gini,2,0.5196003074558032,1.0,0.5173519294222264,0.6797194759937628,train,2,count
1,"(2, 2)",1.0,0.0,,100,gini,2,0.5190050307434321,0.9998189389824371,0.5168476226132535,0.6725095762376507,val,2,count
0,"(2, 2)",1.0,0.0,,100,gini,2,0.5242465179112126,0.99990930116548,0.5191298001083041,0.7074751942020986,train,3,count
1,"(2, 2)",1.0,0.0,,100,gini,2,0.5291158110500326,1.0,0.5247319917246568,0.6944925947024632,val,3,count
0,"(2, 2)",1.0,0.0,,100,gini,2,0.5231518144128197,0.9999548960353615,0.5199099479386521,0.6926947889267075,train,4,count
1,"(2, 2)",1.0,0.0,,100,gini,2,0.5141153451970558,1.0,0.5114754098360655,0.6873182652103569,val,4,count
0,"(2, 2)",1.0,0.0,,100,gini,2,0.5237341035077095,0.9997279775128077,0.5189325300637752,0.6996111454376757,train,5,count
1,"(2, 2)",1.0,0.0,,100,gini,2,0.5278114227149912,0.9998205956225332,0.5237781954887218,0.6859101943207786,val,5,count
0,"(2, 2)",1.0,0.0,,100,gini,10,0.6319614282719587,0.9981044365211897,0.5839098061995036,0.8577767014960569,train,1,count
1,"(2, 2)",1.0,0.0,,100,gini,10,0.6202720327929943,0.9963463646328097,0.5735015772870663,0.8444818992235676,val,1,count
0,"(2, 2)",1.0,0.0,,100,gini,10,0.6089721193487527,0.9993674603533186,0.5687141645026097,0.8492822629974732,train,2,count
1,"(2, 2)",1.0,0.0,,100,gini,10,0.5992174399105645,0.9979992724627137,0.5611577009613418,0.8402335032031927,val,2,count
0,"(2, 2)",1.0,0.0,,100,gini,10,0.6239577025201472,0.9983282125429243,0.5783577205978588,0.8449495914619007,train,3,count
1,"(2, 2)",1.0,0.0,,100,gini,10,0.61613714711637,0.994544462629569,0.5721309760435191,0.835741246732393,val,3,count
0,"(2, 2)",1.0,0.0,,100,gini,10,0.6262402757721154,0.9983719247467439,0.579620342899152,0.8546093430832162,train,4,count
1,"(2, 2)",1.0,0.0,,100,gini,10,0.6201434827168546,0.9943830404058707,0.5756240822320118,0.8351637954958819,val,4,count
0,"(2, 2)",1.0,0.0,,100,gini,10,0.643033493268738,0.9949977262391997,0.5898210049601035,0.8512030598237063,train,5,count
1,"(2, 2)",1.0,0.0,,100,gini,10,0.6542439206186528,0.9936181528097855,0.6039870689655172,0.8380139418044275,val,5,count
0,"(2, 2)",1.0,0.0,,100,gini,20,0.7008827708289661,0.9950596020486788,0.6329172312393693,0.8928181562486013,train,1,count
1,"(2, 2)",1.0,0.0,,100,gini,20,0.6939631078814981,0.9885057471264368,0.6308309455587393,0.870019848918214,val,1,count
0,"(2, 2)",1.0,0.0,,100,gini,20,0.6922413993897468,0.9971021055014716,0.6261302246232585,0.8917460073243144,train,2,count
1,"(2, 2)",1.0,0.0,,100,gini,20,0.6850195640022358,0.9904435629282365,0.6227185126402902,0.8658952940306363,val,2,count
0,"(2, 2)",1.0,0.0,,100,gini,20,0.6867983416406578,0.9960791383117761,0.6232586994529355,0.8898370297868632,train,3,count
1,"(2, 2)",1.0,0.0,,100,gini,20,0.6718531631417125,0.99191473722896,0.6081568273997296,0.8618705385519058,val,3,count
0,"(2, 2)",1.0,0.0,,100,gini,20,0.6917827362929148,0.9966966831078329,0.6259876087080088,0.8917378049187713,train,4,count
1,"(2, 2)",1.0,0.0,,100,gini,20,0.6771638870772384,0.9911424439624006,0.6161366445668053,0.8694439601761884,val,4,count
0,"(2, 2)",1.0,0.0,,100,gini,20,0.6973028369124703,0.9974194132560666,0.6299971404060624,0.8955106544768048,train,5,count
1,"(2, 2)",1.0,0.0,,100,gini,20,0.6934687412652567,0.9929640988634314,0.6286693318103941,0.8764348583868908,val,5,count
0,"(2, 2)",1.0,0.0,,100,gini,50,0.7682202501572217,0.9947558770343581,0.69110210747825,0.9255575047032522,train,1,count
1,"(2, 2)",1.0,0.0,,100,gini,50,0.7483696664803429,0.9771366358192706,0.6765075376884422,0.8877154920312718,val,1,count
0,"(2, 2)",1.0,0.0,,100,gini,50,0.7729485477371719,0.9931938835700349,0.6951757868326611,0.9262663966307054,train,2,count
1,"(2, 2)",1.0,0.0,,100,gini,50,0.7498602571268865,0.9740701001430615,0.6819832227369476,0.8804352664722455,val,2,count
0,"(2, 2)",1.0,0.0,,100,gini,50,0.7690175618391019,0.9958004064122827,0.6918057472706739,0.9248221741266183,train,3,count
1,"(2, 2)",1.0,0.0,,100,gini,50,0.7421969626385913,0.9786729857819905,0.6695348547200399,0.8815975151260852,val,3,count
0,"(2, 2)",1.0,0.0,,100,gini,50,0.770787720687567,0.9937683449988711,0.6940081993062126,0.9244403528052468,train,4,count
1,"(2, 2)",1.0,0.0,,100,gini,50,0.74107891549427,0.9730222384250821,0.6698456519011168,0.8810977590374889,val,4,count
0,"(2, 2)",1.0,0.0,,100,gini,50,0.774793869660409,0.9949263873159683,0.6967956852791878,0.9265489165592611,train,5,count
1,"(2, 2)",1.0,0.0,,100,gini,50,0.7563588931333272,0.9776817854571634,0.685598889309605,0.8892492309326863,val,5,count
0,"(2, 2)",1.0,0.0,,100,gini,100,0.81170661262898,0.9972853135462854,0.7331204683030665,0.9477762655015047,train,1,count
1,"(2, 2)",1.0,0.0,,100,gini,100,0.7803242034656233,0.9632844999095678,0.7119369068306376,0.89106567432674,val,1,count
0,"(2, 2)",1.0,0.0,,100,gini,100,0.8153867654251974,0.9953887884267631,0.7378191810200389,0.9485825742778478,train,2,count
1,"(2, 2)",1.0,0.0,,100,gini,100,0.7706353642630892,0.9586281981491562,0.7028069708660369,0.891747148141883,val,2,count
0,"(2, 2)",1.0,0.0,,100,gini,100,0.8173009735873666,0.9965573473455336,0.7390486428379468,0.9502170832162695,train,3,count
1,"(2, 2)",1.0,0.0,,100,gini,100,0.7734091120842262,0.9632763276327633,0.7060298192373664,0.8907614921399439,val,3,count
0,"(2, 2)",1.0,0.0,,100,gini,100,0.813504448688685,0.9965716347888849,0.7358358591746328,0.9484890829376353,train,4,count
1,"(2, 2)",1.0,0.0,,100,gini,100,0.7710798472002236,0.9595460369760205,0.7009895694035838,0.8870163296226712,val,4,count
0,"(2, 2)",1.0,0.0,,100,gini,100,0.8190478408720362,0.9951944872608577,0.741245990207665,0.9496765132217487,train,5,count
1,"(2, 2)",1.0,0.0,,100,gini,100,0.7768564241125501,0.9599856450744662,0.7112470087742622,0.8882167725898817,val,5,count
0,"(2, 2)",1.0,0.0,,100,entropy,2,0.5229077865511378,0.9999548206379326,0.5193711134577027,0.7189754565347493,train,1,count
1,"(2, 2)",1.0,0.0,,100,entropy,2,0.5189118688280231,1.0,0.5156176718881906,0.7117066718809144,val,1,count
0,"(2, 2)",1.0,0.0,,100,entropy,2,0.523210583933105,0.999864087346532,0.5188424195406353,0.6958444282696755,train,2,count
1,"(2, 2)",1.0,0.0,,100,entropy,2,0.5250605552450158,0.9996401583303347,0.5215921892602329,0.6886160062524576,val,2,count
0,"(2, 2)",1.0,0.0,,100,entropy,2,0.5242465179112126,1.0,0.5198965800916676,0.6997240832477812,train,3,count
1,"(2, 2)",1.0,0.0,,100,entropy,2,0.5211963104444237,0.9998185776487664,0.5175133815381726,0.694443357585991,val,3,count
0,"(2, 2)",1.0,0.0,,100,entropy,2,0.5202403689383706,1.0,0.5178822207658459,0.6973143180125654,train,4,count
1,"(2, 2)",1.0,0.0,,100,entropy,2,0.5184011925836206,0.9998183469573115,0.5157421289355323,0.6905166027684368,val,4,count
0,"(2, 2)",1.0,0.0,,100,entropy,2,0.5235244794335492,1.0,0.5189870441345905,0.6811321051012349,train,5,count
1,"(2, 2)",1.0,0.0,,100,entropy,2,0.5276250815242709,1.0,0.5230031047135196,0.6724406032542776,val,5,count
0,"(2, 2)",1.0,0.0,,100,entropy,10,0.6338247967763725,0.9979580724203648,0.5838487881281691,0.8521266058728075,train,1,count
1,"(2, 2)",1.0,0.0,,100,entropy,10,0.6348052915967952,0.9958877167888432,0.5883595648040562,0.8352444091113002,val,1,count
0,"(2, 2)",1.0,0.0,,100,entropy,10,0.6333123704376586,0.998459586806814,0.5838344769120725,0.8551314912151139,train,2,count
1,"(2, 2)",1.0,0.0,,100,entropy,10,0.6283771194335755,0.9951430113329736,0.5826838002949231,0.8362380367650317,val,2,count
0,"(2, 2)",1.0,0.0,,100,entropy,10,0.6295010947034984,0.9975495757135726,0.5810075060788666,0.8515760315307477,train,3,count
1,"(2, 2)",1.0,0.0,,100,entropy,10,0.6323488307090283,0.996245977833393,0.5867551063381765,0.8368283944456376,val,3,count
0,"(2, 2)",1.0,0.0,,100,entropy,10,0.6180882284436577,0.9989151561723094,0.5744177583697234,0.8495931085214612,train,4,count
1,"(2, 2)",1.0,0.0,,100,entropy,10,0.6072859405571601,0.9972766884531591,0.5666976168368926,0.8348501527139297,val,4,count
0,"(2, 2)",1.0,0.0,,100,entropy,10,0.6076303162994363,0.9991911566459962,0.5692197419619086,0.8489342797826187,train,5,count
1,"(2, 2)",1.0,0.0,,100,entropy,10,0.5855771918382559,0.9975822949600148,0.5474027962036943,0.8418841286351864,val,5,count
0,"(2, 2)",1.0,0.0,,100,entropy,20,0.6937088020869727,0.9959695679739154,0.6274034347007474,0.8905664639805424,train,1,count
1,"(2, 2)",1.0,0.0,,100,entropy,20,0.6847400782560089,0.98864660299153,0.6229135914613376,0.8685766832634929,val,1,count
0,"(2, 2)",1.0,0.0,,100,entropy,20,0.6843686674585983,0.9965229171370512,0.6208992178267965,0.8892403981698631,train,2,count
1,"(2, 2)",1.0,0.0,,100,entropy,20,0.6735606484069312,0.99270871308786,0.6112233445566779,0.8667868126628313,val,2,count
0,"(2, 2)",1.0,0.0,,100,entropy,20,0.6972795453486748,0.9973743775464011,0.6300077206828515,0.8880015452912011,train,3,count
1,"(2, 2)",1.0,0.0,,100,entropy,20,0.6842448523246063,0.9931420321241653,0.6215269934492884,0.8617537906943311,val,3,count
0,"(2, 2)",1.0,0.0,,100,entropy,20,0.6850980574835794,0.9969273869233203,0.6212304660002815,0.8909971872550568,train,4,count
1,"(2, 2)",1.0,0.0,,100,entropy,20,0.6765116929097177,0.9905454545454545,0.6143437077131259,0.871168893212654,val,4,count
0,"(2, 2)",1.0,0.0,,100,entropy,20,0.69434480831043,0.9965573473455336,0.6277284788997631,0.8918172027642337,train,5,count
1,"(2, 2)",1.0,0.0,,100,entropy,20,0.6838721699431659,0.9906390639063907,0.6222297602894618,0.8686614663783876,val,5,count
0,"(2, 2)",1.0,0.0,,100,entropy,50,0.7629562341322526,0.9951638418079096,0.6861755173273498,0.9260803645707757,train,1,count
1,"(2, 2)",1.0,0.0,,100,entropy,50,0.7432457611328489,0.9754812931347621,0.6720470470470471,0.8836296794954992,val,1,count
0,"(2, 2)",1.0,0.0,,100,entropy,50,0.7725292898236787,0.9946073322155254,0.6946668776705175,0.9251166373057531,train,2,count
1,"(2, 2)",1.0,0.0,,100,entropy,50,0.7471585615800261,0.9814881380301941,0.6765361744301288,0.8858992320068082,val,2,count
0,"(2, 2)",1.0,0.0,,100,entropy,50,0.7644989984627568,0.995836162027608,0.6871213540690775,0.9241787800588572,train,3,count
1,"(2, 2)",1.0,0.0,,100,entropy,50,0.746482810025156,0.9808526011560693,0.6749533871970168,0.8905674933626669,val,3,count
0,"(2, 2)",1.0,0.0,,100,entropy,50,0.7692271859132622,0.9953041043933716,0.6921531070430496,0.9260885624900471,train,4,count
1,"(2, 2)",1.0,0.0,,100,entropy,50,0.7439672039504333,0.9790299051787017,0.6709572606848287,0.8865671714899953,val,4,count
0,"(2, 2)",1.0,0.0,,100,entropy,50,0.7631480877626123,0.9965142598460842,0.6856564398068836,0.927200433902966,train,5,count
1,"(2, 2)",1.0,0.0,,100,entropy,50,0.7445262275225939,0.9841183901822775,0.6726285925743185,0.8857410884931464,val,5,count
0,"(2, 2)",1.0,0.0,,100,entropy,100,0.8126848810937973,0.9966497645780514,0.7342405443265959,0.9458912067554375,train,1,count
1,"(2, 2)",1.0,0.0,,100,entropy,100,0.7831190609278926,0.9640988634313549,0.7151077211293991,0.8958888274168857,val,1,count
0,"(2, 2)",1.0,0.0,,100,entropy,100,0.8080264598327627,0.9966067954576302,0.7295247557542639,0.9471835044799315,train,2,count
1,"(2, 2)",1.0,0.0,,100,entropy,100,0.7752002981181293,0.9623733719247467,0.7069767441860465,0.8931979645549804,val,2,count
0,"(2, 2)",1.0,0.0,,100,entropy,100,0.8155541063026972,0.9960517358747447,0.7370047011417058,0.9470348671335127,train,3,count
1,"(2, 2)",1.0,0.0,,100,entropy,100,0.7781608124475915,0.9642601858470335,0.7121552065461264,0.8872402080075273,val,3,count
0,"(2, 2)",1.0,0.0,,100,entropy,100,0.8103833791400754,0.9958769425943546,0.7319347319347319,0.9460780310439132,train,4,count
1,"(2, 2)",1.0,0.0,,100,entropy,100,0.7748066710146277,0.9613309352517986,0.7082284351397906,0.8930104708037166,val,4,count
0,"(2, 2)",1.0,0.0,,100,entropy,100,0.80702939395351,0.9973905610293787,0.729339386761416,0.9472108744603684,train,5,count
1,"(2, 2)",1.0,0.0,,100,entropy,100,0.7652100996925371,0.9711324944485566,0.6894377299001576,0.8896543937415471,val,5,count
0,"(2, 2)",0.25,0.0,,100,gini,2,0.5230941234015792,0.9999092970521541,0.5185202605771266,0.7021557358278273,train,1,tfidf
1,"(2, 2)",0.25,0.0,,100,gini,2,0.529066517607602,1.0,0.5247273411056789,0.69918351864239,val,1,tfidf
0,"(2, 2)",0.25,0.0,,100,gini,2,0.5226748654880861,0.9999547080936637,0.5186281418839558,0.6882118416134348,train,2,tfidf
1,"(2, 2)",0.25,0.0,,100,gini,2,0.5248742314141979,0.9998198847262247,0.5212206572769953,0.6809325529125982,val,2,tfidf
0,"(2, 2)",0.25,0.0,,100,gini,2,0.5189593329296129,1.0,0.5177574894342354,0.6806229746150304,train,3,tfidf
1,"(2, 2)",0.25,0.0,,100,gini,2,0.5102953507872915,0.9998167491295583,0.5093828774157408,0.6687760314530182,val,3,tfidf
0,"(2, 2)",0.25,0.0,,100,gini,2,0.5200307448642102,1.0,0.5178070011231748,0.6876325659827186,train,4,tfidf
1,"(2, 2)",0.25,0.0,,100,gini,2,0.517003633653219,1.0,0.5148792813026389,0.680734403526887,val,4,tfidf
0,"(2, 2)",0.25,0.0,,100,gini,2,0.5234546047421624,0.9999094694912185,0.5191783397574504,0.714726325125228,train,5,tfidf
1,"(2, 2)",0.25,0.0,,100,gini,2,0.5243641106866673,1.0,0.5203870725291244,0.7113593406309988,val,5,tfidf
0,"(2, 2)",0.25,0.0,,100,gini,10,0.6160529196655253,0.9989170163801272,0.5735419851283778,0.8562954121012402,train,1,tfidf
1,"(2, 2)",0.25,0.0,,100,gini,10,0.607043040804919,0.9976234003656307,0.5647898985717242,0.838022017025722,val,1,tfidf
0,"(2, 2)",0.25,0.0,,100,gini,10,0.6292828360468637,0.9978721477725462,0.5814033236613031,0.8519047775838794,train,2,tfidf
1,"(2, 2)",0.25,0.0,,100,gini,10,0.6277249860257127,0.9963918455709905,0.5814296241709653,0.8335060198869712,val,2,tfidf
0,"(2, 2)",0.25,0.0,,100,gini,10,0.6242604928494899,0.9985552395141993,0.578721511369286,0.8569551314352019,train,3,tfidf
1,"(2, 2)",0.25,0.0,,100,gini,10,0.6203298239075747,0.9961692812842029,0.5739358906988965,0.8465040379723714,val,3,tfidf
0,"(2, 2)",0.25,0.0,,100,gini,10,0.6161317370848278,0.9978757062146892,0.5732758620689655,0.8482594270786245,train,4,tfidf
1,"(2, 2)",0.25,0.0,,100,gini,10,0.6074722817478804,0.9970940791863422,0.5667389284608237,0.8239533949120396,val,4,tfidf
0,"(2, 2)",0.25,0.0,,100,gini,10,0.6344389062281641,0.9977728285077951,0.5838608436618969,0.8553763184001055,train,5,tfidf
1,"(2, 2)",0.25,0.0,,100,gini,10,0.6364483369048728,0.9943161634103019,0.591254752851711,0.8391923359261034,val,5,tfidf
0,"(2, 2)",0.25,0.0,,100,gini,20,0.6966901916940349,0.9956537486417965,0.629818431754396,0.8903537749392756,train,1,tfidf
1,"(2, 2)",0.25,0.0,,100,gini,20,0.6858580212409167,0.9886343135486199,0.6235066560473319,0.8595011356372394,val,1,tfidf
0,"(2, 2)",0.25,0.0,,100,gini,20,0.6967600680129504,0.9953446327683616,0.6303165607647834,0.889529202153887,train,2,tfidf
1,"(2, 2)",0.25,0.0,,100,gini,20,0.6898639836035029,0.9878314565928078,0.6251005631536605,0.8666932102448717,val,2,tfidf
0,"(2, 2)",0.25,0.0,,100,gini,20,0.6851912237387618,0.9972041847041847,0.6217386414754836,0.8934087543674811,train,3,tfidf
1,"(2, 2)",0.25,0.0,,100,gini,20,0.6687785334948291,0.9912007332722274,0.6065739286515593,0.865960445256567,val,3,tfidf
0,"(2, 2)",0.25,0.0,,100,gini,20,0.688615083616714,0.9975572242830001,0.623519099725733,0.8946445516687573,train,4,tfidf
1,"(2, 2)",0.25,0.0,,100,gini,20,0.6779092518401193,0.989683257918552,0.6165990076680199,0.8616799076950878,val,4,tfidf
0,"(2, 2)",0.25,0.0,,100,gini,20,0.7031490194251642,0.9957328975441464,0.6342161568264616,0.8923322238067846,train,5,tfidf
1,"(2, 2)",0.25,0.0,,100,gini,20,0.6957980061492592,0.9892895394501964,0.6335886589687894,0.8605375297167793,val,5,tfidf
0,"(2, 2)",0.25,0.0,,100,gini,50,0.7746721636037547,0.9948399945684153,0.696883223944957,0.9296837861203204,train,1,tfidf
1,"(2, 2)",0.25,0.0,,100,gini,50,0.7465064281721632,0.9720115565185987,0.6771920996351742,0.8773815962830536,val,1,tfidf
0,"(2, 2)",0.25,0.0,,100,gini,50,0.774322782009177,0.9956523708165391,0.6962125530432579,0.929840505224243,train,2,tfidf
1,"(2, 2)",0.25,0.0,,100,gini,50,0.7497670952114776,0.9711711711711711,0.6808994441637191,0.8821849279835392,val,2,tfidf
0,"(2, 2)",0.25,0.0,,100,gini,50,0.7752829925001165,0.9946124592538935,0.6974728554193917,0.9313294192248824,train,3,tfidf
1,"(2, 2)",0.25,0.0,,100,gini,50,0.7452715922854747,0.9758253653256359,0.6753652141340991,0.8775831935086591,val,3,tfidf
0,"(2, 2)",0.25,0.0,,100,gini,50,0.770042390646108,0.9964301852688658,0.6924477940021981,0.9299449141788837,train,4,tfidf
1,"(2, 2)",0.25,0.0,,100,gini,50,0.7453647628808349,0.9720050899836393,0.6746151905122382,0.8839560446891225,val,4,tfidf
0,"(2, 2)",0.25,0.0,,100,gini,50,0.7773326501141287,0.9951201879631303,0.6997077138136993,0.929064144209743,train,5,tfidf
1,"(2, 2)",0.25,0.0,,100,gini,50,0.7495574396720395,0.9759956355701036,0.6773949261643317,0.8873890330426562,val,5,tfidf
0,"(2, 2)",0.25,0.0,,100,gini,100,0.8263107632823237,0.9962894248608535,0.7490813826891671,0.9535881285574146,train,1,tfidf
1,"(2, 2)",0.25,0.0,,100,gini,100,0.7805105272964412,0.9548083875632682,0.7149431510557661,0.8892536187344374,val,1,tfidf
0,"(2, 2)",0.25,0.0,,100,gini,100,0.8206507814501666,0.9969183359013868,0.7424232197097537,0.9533632913238311,train,2,tfidf
1,"(2, 2)",0.25,0.0,,100,gini,100,0.7738028693869946,0.9513027852650494,0.7105086565561669,0.88772485497811,val,2,tfidf
0,"(2, 2)",0.25,0.0,,100,gini,100,0.8193273396375833,0.9971506105834465,0.7412998890420631,0.9522377352055077,train,3,tfidf
1,"(2, 2)",0.25,0.0,,100,gini,100,0.7789993478058325,0.9563484875928274,0.7124544595871003,0.8903833552293114,val,3,tfidf
0,"(2, 2)",0.25,0.0,,100,gini,100,0.8207248334653189,0.9970588235294118,0.7427444635453534,0.9546457376712362,train,4,tfidf
1,"(2, 2)",0.25,0.0,,100,gini,100,0.7769495947079101,0.9575122039414211,0.7103957075788062,0.8886721002332039,val,4,tfidf
0,"(2, 2)",0.25,0.0,,100,gini,100,0.8169283085666371,0.995846313603323,0.7395473595976529,0.9532359603604487,train,5,tfidf
1,"(2, 2)",0.25,0.0,,100,gini,100,0.7719183825584646,0.9556731120029186,0.7037882858678131,0.8836624368069153,val,5,tfidf
0,"(2, 2)",0.25,0.0,,100,entropy,2,0.5204621153890946,0.9998191272891702,0.5178826560487176,0.685999333130708,train,1,tfidf
1,"(2, 2)",0.25,0.0,,100,entropy,2,0.5196571641512949,0.9998187092095722,0.5168697282099344,0.6820660708692035,val,1,tfidf
0,"(2, 2)",0.25,0.0,,100,entropy,2,0.521719889129574,0.999954701938757,0.5180951933909125,0.6937300585476736,train,2,tfidf
1,"(2, 2)",0.25,0.0,,100,entropy,2,0.524408421837153,1.0,0.5211069418386491,0.6840396609655174,val,2,tfidf
0,"(2, 2)",0.25,0.0,,100,entropy,2,0.5193785810779336,0.9999548083875632,0.5174574963167372,0.6763944653302703,train,3,tfidf
1,"(2, 2)",0.25,0.0,,100,entropy,2,0.5150470511506569,0.9998182809376703,0.5139174294787969,0.6647275482276485,val,3,tfidf
0,"(2, 2)",0.25,0.0,,100,entropy,2,0.521474821819537,0.9999097309983752,0.5188654940628147,0.6783032274613231,train,4,tfidf
1,"(2, 2)",0.25,0.0,,100,entropy,2,0.5148607099599366,1.0,0.5125444673282157,0.6709225515891419,val,4,tfidf
0,"(2, 2)",0.25,0.0,,100,entropy,2,0.5280896259374854,0.9998639394076829,0.5211327534039334,0.715088042582329,train,5,tfidf
1,"(2, 2)",0.25,0.0,,100,entropy,2,0.5326562936737166,0.9998208527409531,0.5267081917704795,0.7030254741072566,val,5,tfidf
0,"(2, 2)",0.25,0.0,,100,entropy,10,0.6062935271236578,0.9992330250394766,0.5674027770661475,0.854543249570649,train,1,tfidf
1,"(2, 2)",0.25,0.0,,100,entropy,10,0.5981926588410658,0.9990852542993048,0.5590132050363394,0.835729487817421,val,1,tfidf
0,"(2, 2)",0.25,0.0,,100,entropy,10,0.6184520066149581,0.9985057054881362,0.5742597463475612,0.8538825425268968,train,2,tfidf
1,"(2, 2)",0.25,0.0,,100,entropy,10,0.6170113657536799,0.9980169460969893,0.5745122457451225,0.8313254638864498,val,2,tfidf
0,"(2, 2)",0.25,0.0,,100,entropy,10,0.6318768342106489,0.9976438604440416,0.5829339969818115,0.85430689197228,train,3,tfidf
1,"(2, 2)",0.25,0.0,,100,entropy,10,0.6334668778533494,0.9962237007732422,0.586057336295356,0.834754174088048,val,3,tfidf
0,"(2, 2)",0.25,0.0,,100,entropy,10,0.6179950621884753,0.9977818017202355,0.5740890266454822,0.8500966501982131,train,4,tfidf
1,"(2, 2)",0.25,0.0,,100,entropy,10,0.6092425230597224,0.9931420321241653,0.5697277150843773,0.8312188604405484,val,4,tfidf
0,"(2, 2)",0.25,0.0,,100,entropy,10,0.6308520054036428,0.9979199638254578,0.582726024503591,0.8491297618458991,train,5,tfidf
1,"(2, 2)",0.25,0.0,,100,entropy,10,0.6252678654616604,0.9965554749818709,0.5786315789473684,0.8306272981048874,val,5,tfidf
0,"(2, 2)",0.25,0.0,,100,entropy,20,0.6908205809051312,0.9968394437420987,0.6257581769740944,0.8916148983793023,train,1,tfidf
1,"(2, 2)",0.25,0.0,,100,entropy,20,0.6755170486305199,0.9919751960605508,0.612637981527371,0.8633842809024539,val,1,tfidf
0,"(2, 2)",0.25,0.0,,100,entropy,20,0.7004635129154729,0.996469310157523,0.6326589263133694,0.8934497753930302,train,2,tfidf
1,"(2, 2)",0.25,0.0,,100,entropy,20,0.6874417738028694,0.9891677198050189,0.6244586277638478,0.8719826391597877,val,2,tfidf
0,"(2, 2)",0.25,0.0,,100,entropy,20,0.6959286346485303,0.9972385694884564,0.6289866659052623,0.8958118616649896,train,3,tfidf
1,"(2, 2)",0.25,0.0,,100,entropy,20,0.6885306997111712,0.9927810864464898,0.6248296228986824,0.8749604781167645,val,3,tfidf
0,"(2, 2)",0.25,0.0,,100,entropy,20,0.6779475473983323,0.9966604991199964,0.6162453261900775,0.8920851776372373,train,4,tfidf
1,"(2, 2)",0.25,0.0,,100,entropy,20,0.6718531631417125,0.9914108187134503,0.6095505617977528,0.8663355274273563,val,4,tfidf
0,"(2, 2)",0.25,0.0,,100,entropy,20,0.7006801136628313,0.9953256183344679,0.6324106113033449,0.8925333380498488,train,5,tfidf
1,"(2, 2)",0.25,0.0,,100,entropy,20,0.6990589769868629,0.9890993566833453,0.6359145220588235,0.8667947488284896,val,5,tfidf
0,"(2, 2)",0.25,0.0,,100,entropy,50,0.7684065870076631,0.9951636232146086,0.691206479766427,0.9292026929435139,train,1,tfidf
1,"(2, 2)",0.25,0.0,,100,entropy,50,0.7443637041177567,0.9771200290539314,0.6727090886360795,0.8865474760213525,val,1,tfidf
0,"(2, 2)",0.25,0.0,,100,entropy,50,0.77672186895861,0.9946490114275349,0.698490542003694,0.9303329501780679,train,2,tfidf
1,"(2, 2)",0.25,0.0,,100,entropy,50,0.7609465250605553,0.9731134611937623,0.6920331421287444,0.8836359814734103,val,2,tfidf
0,"(2, 2)",0.25,0.0,,100,entropy,50,0.7706246797409978,0.9949739642291148,0.6929456655419255,0.9273535334708806,train,3,tfidf
1,"(2, 2)",0.25,0.0,,100,entropy,50,0.7504891456256405,0.9752975117201587,0.680377358490566,0.8863866614023199,val,3,tfidf
0,"(2, 2)",0.25,0.0,,100,entropy,50,0.7695532678064005,0.995931099959311,0.6920177174630101,0.9280473090563559,train,4,tfidf
1,"(2, 2)",0.25,0.0,,100,entropy,50,0.7377247740613062,0.9769593613933236,0.6670382757339279,0.8829634543594043,val,4,tfidf
0,"(2, 2)",0.25,0.0,,100,entropy,50,0.7674803186285927,0.9953034682080925,0.6904978226134904,0.9280419077316656,train,5,tfidf
1,"(2, 2)",0.25,0.0,,100,entropy,50,0.7376316034659461,0.9777656278476399,0.6657153492989205,0.882517569514635,val,5,tfidf
0,"(2, 2)",0.25,0.0,,100,entropy,100,0.8149209232990939,0.9971544715447155,0.7368825100133511,0.9501889642086917,train,1,tfidf
1,"(2, 2)",0.25,0.0,,100,entropy,100,0.7754797838643562,0.9561099981788381,0.7076425394257986,0.8915451369054899,val,1,tfidf
0,"(2, 2)",0.25,0.0,,100,entropy,100,0.8141755758973284,0.9966468802392496,0.7356433325529282,0.9505538106640994,train,2,tfidf
1,"(2, 2)",0.25,0.0,,100,entropy,100,0.7713806595863612,0.9647608773822366,0.7038300104931794,0.8899581995326258,val,2,tfidf
0,"(2, 2)",0.25,0.0,,100,entropy,100,0.8075650999208087,0.9976969970648002,0.7290546114502557,0.9523516695141622,train,3,tfidf
1,"(2, 2)",0.25,0.0,,100,entropy,100,0.774154476847107,0.9670069267225665,0.7028351881293058,0.895679012731682,val,3,tfidf
0,"(2, 2)",0.25,0.0,,100,entropy,100,0.814645735314669,0.9956990220934444,0.7366358520900321,0.9507739660096151,train,4,tfidf
1,"(2, 2)",0.25,0.0,,100,entropy,100,0.7793720301872729,0.9621143784953996,0.7119209718328661,0.8927913211024545,val,4,tfidf
0,"(2, 2)",0.25,0.0,,100,entropy,100,0.8180928867564168,0.9956978534553029,0.7402531816039324,0.9500770244377839,train,5,tfidf
1,"(2, 2)",0.25,0.0,,100,entropy,100,0.7709866766048635,0.9560281131735447,0.705545950259343,0.8875257004654381,val,5,tfidf
0,"(2, 2)",0.5,0.0,,100,gini,2,0.5188782521603429,1.0,0.5166830455332491,0.6872528067578099,train,1,tfidf
1,"(2, 2)",0.5,0.0,,100,gini,2,0.5212409167132476,1.0,0.5191803892215568,0.6793852889128553,val,1,tfidf
0,"(2, 2)",0.5,0.0,,100,gini,2,0.530733934269676,0.9998185858769105,0.5225419550583105,0.7024819891278526,train,2,tfidf
1,"(2, 2)",0.5,0.0,,100,gini,2,0.5352152040245948,0.9998208527409531,0.5280537420758823,0.6956767927522138,val,2,tfidf
0,"(2, 2)",0.5,0.0,,100,gini,2,0.5192155401313644,1.0,0.5163089324210329,0.6838926009520736,train,3,tfidf
1,"(2, 2)",0.5,0.0,,100,gini,2,0.5270660579521104,0.9998213328568876,0.5244119576422078,0.6766633298768754,val,3,tfidf
0,"(2, 2)",0.5,0.0,,100,gini,2,0.5225462337541342,1.0,0.519783540656406,0.7058669607679002,train,4,tfidf
1,"(2, 2)",0.5,0.0,,100,gini,2,0.5118792509084134,1.0,0.5095487736378955,0.7032916143834,val,4,tfidf
0,"(2, 2)",0.5,0.0,,100,gini,2,0.5218940699678576,0.9999548960353615,0.5192523889825745,0.7008513987550147,train,5,tfidf
1,"(2, 2)",0.5,0.0,,100,gini,2,0.5163514394856983,0.9998168498168498,0.5126302939243121,0.695494081744793,val,5,tfidf
0,"(2, 2)",0.5,0.0,,100,gini,10,0.6185917592527892,0.9987345776652958,0.5748062217135723,0.850970467378025,train,1,tfidf
1,"(2, 2)",0.5,0.0,,100,gini,10,0.6176634991615427,0.9961845930232558,0.5731758310683671,0.82996409355685,val,1,tfidf
0,"(2, 2)",0.5,0.0,,100,gini,10,0.6205017119698134,0.9989137813985064,0.5756651017214397,0.8522365292957813,train,2,tfidf
1,"(2, 2)",0.5,0.0,,100,gini,10,0.6138438606297746,0.997471098265896,0.5720501398528954,0.828169776698241,val,2,tfidf
0,"(2, 2)",0.5,0.0,,100,gini,10,0.6289886802999953,0.9973739020193788,0.5812290561756247,0.852488727045098,train,3,tfidf
1,"(2, 2)",0.5,0.0,,100,gini,10,0.6204229945029349,0.9954914337240758,0.5768627860800501,0.8330782418746736,val,3,tfidf
0,"(2, 2)",0.5,0.0,,100,gini,10,0.6166907346159222,0.9986425339366516,0.573291425305868,0.8549474221349802,train,4,tfidf
1,"(2, 2)",0.5,0.0,,100,gini,10,0.6134351998509271,0.9972880130175376,0.5716062176165803,0.8328357881629189,val,4,tfidf
0,"(2, 2)",0.5,0.0,,100,gini,10,0.6245167000512415,0.9984174353409296,0.5785364319962271,0.8443481999061673,train,5,tfidf
1,"(2, 2)",0.5,0.0,,100,gini,10,0.6207025062890151,0.9952855847688123,0.5757289700020978,0.8310862705183639,val,5,tfidf
0,"(2, 2)",0.5,0.0,,100,gini,20,0.6974588312021056,0.9964277639611123,0.6305728838779832,0.8962675758840759,train,1,tfidf
1,"(2, 2)",0.5,0.0,,100,gini,20,0.6871622880566425,0.9878535170413343,0.6234553775743708,0.8695669568245802,val,1,tfidf
0,"(2, 2)",0.5,0.0,,100,gini,20,0.6994386602380454,0.9961980628224858,0.6319265001435544,0.8936513285766555,train,2,tfidf
1,"(2, 2)",0.5,0.0,,100,gini,20,0.6868828023104155,0.9904280296189272,0.6237488626023658,0.8686394141964274,val,2,tfidf
0,"(2, 2)",0.5,0.0,,100,gini,20,0.6891042064564215,0.9960216998191682,0.6242774566473989,0.8922544808743454,train,3,tfidf
1,"(2, 2)",0.5,0.0,,100,gini,20,0.6793068107705208,0.9900199600798403,0.6169851860228429,0.8696996522605358,val,3,tfidf
0,"(2, 2)",0.5,0.0,,100,gini,20,0.7002608655145106,0.9961075405087354,0.6325773907044926,0.8949008659041364,train,4,tfidf
1,"(2, 2)",0.5,0.0,,100,gini,20,0.6899282586415727,0.9888026006862922,0.6263585402127902,0.8655158460203964,val,4,tfidf
0,"(2, 2)",0.5,0.0,,100,gini,20,0.6970699212745144,0.9964707479299579,0.6301107264455953,0.8951124013423336,train,5,tfidf
1,"(2, 2)",0.5,0.0,,100,gini,20,0.6860150936364483,0.9905967450271248,0.6227830832196453,0.8680181554736643,val,5,tfidf
0,"(2, 2)",0.5,0.0,,100,gini,50,0.7690121817715976,0.9956197787310905,0.6918538973264717,0.9311844898273763,train,1,tfidf
1,"(2, 2)",0.5,0.0,,100,gini,50,0.7443637041177567,0.976303317535545,0.6720200752823087,0.8836532973622436,val,1,tfidf
0,"(2, 2)",0.5,0.0,,100,gini,50,0.777141126872103,0.9946960424316605,0.6989456248208199,0.9310109055265018,train,2,tfidf
1,"(2, 2)",0.5,0.0,,100,gini,50,0.7602012297372834,0.9772074659009332,0.6899391789153573,0.891554812168998,val,2,tfidf
0,"(2, 2)",0.5,0.0,,100,gini,50,0.7769599850933991,0.9949314386568312,0.6990683328563706,0.9315810840426446,train,3,tfidf
1,"(2, 2)",0.5,0.0,,100,gini,50,0.750861828007081,0.9741597397903867,0.680509972229235,0.8818548686734882,val,3,tfidf
0,"(2, 2)",0.5,0.0,,100,gini,50,0.773652583034425,0.9955191454693582,0.6957360662997406,0.930268649507852,train,4,tfidf
1,"(2, 2)",0.5,0.0,,100,gini,50,0.7489052455045188,0.9703810727830955,0.6797823886639676,0.8794310178444039,val,4,tfidf
0,"(2, 2)",0.5,0.0,,100,gini,50,0.7723715470256673,0.9941253558678657,0.6952468238417293,0.9311082275654663,train,5,tfidf
1,"(2, 2)",0.5,0.0,,100,gini,50,0.7451784216901146,0.9758269720101781,0.673566679212144,0.882143776153139,val,5,tfidf
0,"(2, 2)",0.5,0.0,,100,gini,100,0.8216057578086786,0.9966617043352731,0.7444234786710695,0.9513403864801663,train,1,tfidf
1,"(2, 2)",0.5,0.0,,100,gini,100,0.7724054406558599,0.9489385065885798,0.7055381684582936,0.884916712044474,val,1,tfidf
0,"(2, 2)",0.5,0.0,,100,gini,100,0.8218386788717303,0.996787184940495,0.7440383706005539,0.9536580509318721,train,2,tfidf
1,"(2, 2)",0.5,0.0,,100,gini,100,0.776690888764673,0.9540853217642805,0.7112249023042717,0.8886666142645507,val,2,tfidf
0,"(2, 2)",0.5,0.0,,100,gini,100,0.8203055853169982,0.9971899927483684,0.7419322205361659,0.9530170246993284,train,3,tfidf
1,"(2, 2)",0.5,0.0,,100,gini,100,0.7822603186434361,0.9599425184120711,0.7165459908822741,0.8894716952763718,val,3,tfidf
0,"(2, 2)",0.5,0.0,,100,gini,100,0.8187916336702846,0.997516369383608,0.7409022304209291,0.9539158140896825,train,4,tfidf
1,"(2, 2)",0.5,0.0,,100,gini,100,0.769682288269822,0.9642726941305141,0.6991805445413692,0.8918839513939218,val,4,tfidf
0,"(2, 2)",0.5,0.0,,100,gini,100,0.8260586015745097,0.9957821216381695,0.7485595445092224,0.9540905307072123,train,5,tfidf
1,"(2, 2)",0.5,0.0,,100,gini,100,0.7783471536383118,0.9536008599068434,0.7151686148058578,0.8859141841850845,val,5,tfidf
0,"(2, 2)",0.5,0.0,,100,entropy,2,0.5219528101926257,0.9999548185966656,0.5188606259524089,0.6877963943502393,train,1,tfidf
1,"(2, 2)",0.5,0.0,,100,entropy,2,0.5184460592509782,0.9998181156784285,0.5154242850445382,0.6840815925563322,val,1,tfidf
0,"(2, 2)",0.5,0.0,,100,entropy,2,0.5286143525959053,0.9996829853720393,0.5217822952369696,0.7212331660528285,train,2,tfidf
1,"(2, 2)",0.5,0.0,,100,entropy,2,0.5308365940003726,0.9990990990990991,0.5243003025718608,0.7165133188744299,val,2,tfidf
0,"(2, 2)",0.5,0.0,,100,entropy,2,0.5177015884846509,1.0,0.5165078920332493,0.6697971079001894,train,3,tfidf
1,"(2, 2)",0.5,0.0,,100,entropy,2,0.5154197335320972,1.0,0.5144244234898703,0.6602057318026195,val,3,tfidf
0,"(2, 2)",0.5,0.0,,100,entropy,2,0.5239204360180743,0.9999094694912185,0.5194224981188864,0.6932564277052164,train,4,tfidf
1,"(2, 2)",0.5,0.0,,100,entropy,2,0.5248299636634678,0.9996389239935006,0.5206393982134462,0.6859658918733775,val,4,tfidf
0,"(2, 2)",0.5,0.0,,100,entropy,2,0.5230819397214329,1.0,0.5190378878631997,0.6957866973542719,train,5,tfidf
1,"(2, 2)",0.5,0.0,,100,entropy,2,0.5236187459237864,1.0,0.5197708274631352,0.6958621667882116,val,5,tfidf
0,"(2, 2)",0.5,0.0,,100,entropy,10,0.6108820720657769,0.9989143710137061,0.5696633561202116,0.8495700629110251,train,1,tfidf
1,"(2, 2)",0.5,0.0,,100,entropy,10,0.6035960499347867,0.998551774076756,0.5649902693844105,0.8413986047274431,val,1,tfidf
0,"(2, 2)",0.5,0.0,,100,entropy,10,0.6225048331120583,0.998464040477051,0.5774526453298497,0.8520060919746026,train,2,tfidf
1,"(2, 2)",0.5,0.0,,100,entropy,10,0.6157070989379542,0.997270245677889,0.5714285714285714,0.8269210014274895,val,2,tfidf
0,"(2, 2)",0.5,0.0,,100,entropy,10,0.6395164671356035,0.9963220269718022,0.5876586855214527,0.8498825019477367,train,3,tfidf
1,"(2, 2)",0.5,0.0,,100,entropy,10,0.6483741731109662,0.9926890156918687,0.5986021505376344,0.8356602588636444,val,3,tfidf
0,"(2, 2)",0.5,0.0,,100,entropy,10,0.6176922718591327,0.9986425953576761,0.5739435704069692,0.8454301056790303,train,4,tfidf
1,"(2, 2)",0.5,0.0,,100,entropy,10,0.6148327587813286,0.9963833634719711,0.5725270157938487,0.8256497937794269,val,4,tfidf
0,"(2, 2)",0.5,0.0,,100,entropy,10,0.6084455210322821,0.9987814234779077,0.5686899316441384,0.8484547520462475,train,5,tfidf
1,"(2, 2)",0.5,0.0,,100,entropy,10,0.5994596105469114,0.9963463646328097,0.5603616562211035,0.8295535679982948,val,5,tfidf
0,"(2, 2)",0.5,0.0,,100,entropy,20,0.6858593622621294,0.9971566547817845,0.6220507911481502,0.8952463155043534,train,1,tfidf
1,"(2, 2)",0.5,0.0,,100,entropy,20,0.6757033724613378,0.9932407745706978,0.6122058326765004,0.8731118137451707,val,1,tfidf
0,"(2, 2)",0.5,0.0,,100,entropy,20,0.7004635129154729,0.9951086956521739,0.6327612026264255,0.8908495456376138,train,2,tfidf
1,"(2, 2)",0.5,0.0,,100,entropy,20,0.6920998695733185,0.9870293640785444,0.6289026629935721,0.8636328499769194,val,2,tfidf
0,"(2, 2)",0.5,0.0,,100,entropy,20,0.6877998788838683,0.9974721256714666,0.6234165608689519,0.8922901355696142,train,3,tfidf
1,"(2, 2)",0.5,0.0,,100,entropy,20,0.6763253517189974,0.9910551296093465,0.6131691890670883,0.8647533651603212,val,3,tfidf
0,"(2, 2)",0.5,0.0,,100,entropy,20,0.7030092700423907,0.9946849588879298,0.6341152620909354,0.888504048538456,train,4,tfidf
1,"(2, 2)",0.5,0.0,,100,entropy,20,0.6969160532935805,0.9850480598077608,0.6358726875789957,0.8658347679414757,val,4,tfidf
0,"(2, 2)",0.5,0.0,,100,entropy,20,0.6935528951413797,0.9977397043533294,0.627409176189664,0.8945271844757217,train,5,tfidf
1,"(2, 2)",0.5,0.0,,100,entropy,20,0.6841516817292462,0.9918330308529946,0.6203178206583428,0.8691269732889533,val,5,tfidf
0,"(2, 2)",0.5,0.0,,100,entropy,50,0.7646798499988354,0.9969262758215431,0.6872857588033655,0.9288976512709738,train,1,tfidf
1,"(2, 2)",0.5,0.0,,100,entropy,50,0.737842370039128,0.9807552650689906,0.6660912453760789,0.8849846940094234,val,1,tfidf
0,"(2, 2)",0.5,0.0,,100,entropy,50,0.7680804975193907,0.994241668555883,0.6904716921720512,0.9269936057365054,train,2,tfidf
1,"(2, 2)",0.5,0.0,,100,entropy,50,0.7574995341904229,0.9739956958393113,0.6884269235644569,0.8907116537779204,val,2,tfidf
0,"(2, 2)",0.5,0.0,,100,entropy,50,0.7668048632785205,0.9955361168725765,0.6901412853213303,0.9294887559042648,train,3,tfidf
1,"(2, 2)",0.5,0.0,,100,entropy,50,0.7384701388241871,0.9770768384375573,0.6651685393258427,0.88192948071398,val,3,tfidf
0,"(2, 2)",0.5,0.0,,100,entropy,50,0.7676433595751618,0.9946141661009278,0.6903527785631263,0.927317080819869,train,4,tfidf
1,"(2, 2)",0.5,0.0,,100,entropy,50,0.743780862759713,0.973807803468208,0.6742121060530265,0.8810601985527443,val,4,tfidf
0,"(2, 2)",0.5,0.0,,100,entropy,50,0.7690874365304886,0.9940198432474063,0.6916432872048671,0.9291873455974717,train,5,tfidf
1,"(2, 2)",0.5,0.0,,100,entropy,50,0.748159880741638,0.9791291831594099,0.6777930003736455,0.88712312669382,val,5,tfidf
0,"(2, 2)",0.5,0.0,,100,entropy,100,0.8084224256399506,0.9967884928532658,0.7299195124374813,0.9500398491222073,train,1,tfidf
1,"(2, 2)",0.5,0.0,,100,entropy,100,0.7694242593627725,0.9630635524171646,0.700790513833992,0.8932293846430583,val,1,tfidf
0,"(2, 2)",0.5,0.0,,100,entropy,100,0.8164582023152354,0.996419993655685,0.7381248111719091,0.950889486546707,train,2,tfidf
1,"(2, 2)",0.5,0.0,,100,entropy,100,0.7725917644866779,0.9633357296908699,0.7055416611820455,0.8889167131337545,val,2,tfidf
0,"(2, 2)",0.5,0.0,,100,entropy,100,0.8152513159733544,0.9963771397518341,0.7369866684531386,0.9496101492157311,train,3,tfidf
1,"(2, 2)",0.5,0.0,,100,entropy,100,0.7863598248392807,0.9657595963236619,0.7181720718306084,0.8934076237738309,val,3,tfidf
0,"(2, 2)",0.5,0.0,,100,entropy,100,0.8144594028043043,0.9969673652288055,0.7360401002506266,0.9510108340602301,train,4,tfidf
1,"(2, 2)",0.5,0.0,,100,entropy,100,0.7778813006615112,0.9609967497291441,0.7105473965287049,0.8903434352071313,val,4,tfidf
0,"(2, 2)",0.5,0.0,,100,entropy,100,0.8099874225555503,0.9972941282583205,0.7319608102740632,0.9494352231336218,train,5,tfidf
1,"(2, 2)",0.5,0.0,,100,entropy,100,0.7643715643342961,0.9571192963166575,0.6947326416600159,0.8876589847179333,val,5,tfidf
0,"(2, 2)",0.75,0.0,,100,gini,2,0.518482286353155,1.0,0.5173355747005673,0.6820526360894176,train,1,tfidf
1,"(2, 2)",0.75,0.0,,100,gini,2,0.5119247251723495,1.0,0.5109223300970874,0.6736969685435089,val,1,tfidf
0,"(2, 2)",0.75,0.0,,100,gini,2,0.5338783686208743,0.9998184129289994,0.5239817282070803,0.7043222456930835,train,2,tfidf
1,"(2, 2)",0.75,0.0,,100,gini,2,0.5417365381032234,0.9996430483669463,0.5325156873930404,0.6950219438990437,val,2,tfidf
0,"(2, 2)",0.75,0.0,,100,gini,2,0.5237806866353006,1.0,0.5203171921921922,0.7084311555530289,train,3,tfidf
1,"(2, 2)",0.75,0.0,,100,gini,2,0.5129972980527345,1.0,0.5105805243445692,0.6960327995709896,val,3,tfidf
0,"(2, 2)",0.75,0.0,,100,gini,2,0.5219639446592444,1.0,0.5184533445953873,0.7037693582972435,train,4,tfidf
1,"(2, 2)",0.75,0.0,,100,gini,2,0.5244572812820274,1.0,0.5202105658958451,0.7069070752743379,val,4,tfidf
0,"(2, 2)",0.75,0.0,,100,gini,2,0.5288116644151488,0.9999546752481531,0.5216712775767894,0.7126746460945499,train,5,tfidf
1,"(2, 2)",0.75,0.0,,100,gini,2,0.5337743408180379,1.0,0.5266742338251986,0.6999708088538015,val,5,tfidf
0,"(2, 2)",0.75,0.0,,100,gini,10,0.6282579833694361,0.9986891470415404,0.5810387902695595,0.8582495016123977,train,1,tfidf
1,"(2, 2)",0.75,0.0,,100,gini,10,0.6224147568474008,0.9981844589687727,0.5762498689864795,0.8462302753591407,val,1,tfidf
0,"(2, 2)",0.75,0.0,,100,gini,10,0.6212004751589686,0.9975572242830001,0.5763571260552521,0.8500104632550176,train,2,tfidf
1,"(2, 2)",0.75,0.0,,100,gini,10,0.6191540898080865,0.995656108597285,0.5751176163094616,0.8309623875836201,val,2,tfidf
0,"(2, 2)",0.75,0.0,,100,gini,10,0.6299669259794103,0.9980940279542567,0.5812521472554771,0.8475764438292633,train,3,tfidf
1,"(2, 2)",0.75,0.0,,100,gini,10,0.6260132302245411,0.9962466487935657,0.5826277830040765,0.8262122175063858,val,3,tfidf
0,"(2, 2)",0.75,0.0,,100,gini,10,0.6315041691899194,0.995916885945014,0.5825438526656582,0.8486707590575651,train,4,tfidf
1,"(2, 2)",0.75,0.0,,100,gini,10,0.6351439485698314,0.993200930398998,0.5887156644394952,0.8357769489724733,val,4,tfidf
0,"(2, 2)",0.75,0.0,,100,gini,10,0.6045325383146224,0.9988747355628572,0.5669033873192664,0.8538987582340574,train,5,tfidf
1,"(2, 2)",0.75,0.0,,100,gini,10,0.5939625454206653,0.9983376431473956,0.554131638302235,0.8304613914486982,val,5,tfidf
0,"(2, 2)",0.75,0.0,,100,gini,20,0.6939883073626348,0.9973314035008367,0.6276865268012184,0.8927065490249849,train,1,tfidf
1,"(2, 2)",0.75,0.0,,100,gini,20,0.6880939072107323,0.9932995291561029,0.6235788994997726,0.8598396652697103,val,1,tfidf
0,"(2, 2)",0.75,0.0,,100,gini,20,0.6962476416742366,0.9968809330078655,0.6296359743040685,0.8961307948755185,train,2,tfidf
1,"(2, 2)",0.75,0.0,,100,gini,20,0.6860443450717347,0.9916500272281721,0.6217138955274838,0.8739850666286832,val,2,tfidf
0,"(2, 2)",0.75,0.0,,100,gini,20,0.6922951506964178,0.9967041401417671,0.62690975180326,0.8940239206781486,train,3,tfidf
1,"(2, 2)",0.75,0.0,,100,gini,20,0.6739960868349949,0.9923385625684057,0.6114420591210521,0.864278262245839,val,3,tfidf
0,"(2, 2)",0.75,0.0,,100,gini,20,0.6997717426748031,0.9955173194475888,0.6321994421600483,0.8917245821814399,train,4,tfidf
1,"(2, 2)",0.75,0.0,,100,gini,20,0.6942141060281375,0.9893617021276596,0.6299655568312285,0.86904911381063,val,4,tfidf
0,"(2, 2)",0.75,0.0,,100,gini,20,0.706479713047934,0.9952400380796954,0.6372529099300456,0.8897711966248382,train,5,tfidf
1,"(2, 2)",0.75,0.0,,100,gini,20,0.6959843473399795,0.9860014357501795,0.6330222375849752,0.8588070727040134,val,5,tfidf
0,"(2, 2)",0.75,0.0,,100,gini,50,0.7703631239372977,0.9952535937076213,0.6929904630008499,0.9283291020765148,train,1,tfidf
1,"(2, 2)",0.75,0.0,,100,gini,50,0.7452021613564375,0.9720457433290979,0.674773185483871,0.8822636295023109,val,1,tfidf
0,"(2, 2)",0.75,0.0,,100,gini,50,0.7741364451587357,0.9952490837518664,0.6963403824237052,0.9324370626965952,train,2,tfidf
1,"(2, 2)",0.75,0.0,,100,gini,50,0.7466927520029811,0.9754068716094032,0.67619405791651,0.8761140234316905,val,2,tfidf
0,"(2, 2)",0.75,0.0,,100,gini,50,0.7684585643080076,0.9958997927367758,0.6917347353926079,0.9314964107598908,train,3,tfidf
1,"(2, 2)",0.75,0.0,,100,gini,50,0.7430354979968322,0.9720434062902336,0.6697503484982892,0.883845901446228,val,3,tfidf
0,"(2, 2)",0.75,0.0,,100,gini,50,0.7802673871523734,0.9939597620237068,0.7017667617917722,0.9280798773779761,train,4,tfidf
1,"(2, 2)",0.75,0.0,,100,gini,50,0.7563588931333272,0.9679258731290092,0.6904792169823313,0.8802857693427049,val,4,tfidf
0,"(2, 2)",0.75,0.0,,100,gini,50,0.7715563422928216,0.9947935530604853,0.6938988189225036,0.9287113688408776,train,5,tfidf
1,"(2, 2)",0.75,0.0,,100,gini,50,0.7470418335973167,0.975464549882735,0.6770598547458052,0.8834577938047502,val,5,tfidf
0,"(2, 2)",0.75,0.0,,100,gini,100,0.816947336547644,0.9972892382759555,0.738928129079771,0.9528511574768359,train,1,tfidf
1,"(2, 2)",0.75,0.0,,100,gini,100,0.7758524315259921,0.9577951609969074,0.7077564188735045,0.8909652978212395,val,1,tfidf
0,"(2, 2)",0.75,0.0,,100,gini,100,0.822327813104139,0.9967352861158973,0.7441939196966619,0.9530320521365656,train,2,tfidf
1,"(2, 2)",0.75,0.0,,100,gini,100,0.7788336128190796,0.9540971848664156,0.7152843124075816,0.892609448992856,val,2,tfidf
0,"(2, 2)",0.75,0.0,,100,gini,100,0.824498066800205,0.9969702450936059,0.7469761138404202,0.9537466007728532,train,3,tfidf
1,"(2, 2)",0.75,0.0,,100,gini,100,0.7792788595919128,0.9546855174913903,0.7131058759815868,0.8884769058770938,val,3,tfidf
0,"(2, 2)",0.75,0.0,,100,gini,100,0.820491917827363,0.9956976586205335,0.7428204608419487,0.9517650269534536,train,4,tfidf
1,"(2, 2)",0.75,0.0,,100,gini,100,0.7728500885120656,0.9493693693693693,0.7095340694855912,0.8815182344219581,val,4,tfidf
0,"(2, 2)",0.75,0.0,,100,gini,100,0.8166953929286812,0.9979224063953751,0.7384939336207761,0.9538758745526252,train,5,tfidf
1,"(2, 2)",0.75,0.0,,100,gini,100,0.7698686294605422,0.9621129326047358,0.7001590668080594,0.8844558118431479,val,5,tfidf
0,"(2, 2)",0.75,0.0,,100,entropy,2,0.5192276337549204,1.0,0.5176772987498539,0.6952762342873974,train,1,tfidf
1,"(2, 2)",0.75,0.0,,100,entropy,2,0.514533258803801,1.0,0.5124438622754491,0.6856151768776333,val,1,tfidf
0,"(2, 2)",0.75,0.0,,100,entropy,2,0.520508699601705,0.9999547572727684,0.5177688757701407,0.6905312260720435,train,2,tfidf
1,"(2, 2)",0.75,0.0,,100,entropy,2,0.5207751071362027,1.0,0.5179910044977512,0.6846702228531812,val,2,tfidf
0,"(2, 2)",0.75,0.0,,100,entropy,2,0.5218241952764708,1.0,0.517837431597736,0.6953877435345892,train,3,tfidf
1,"(2, 2)",0.75,0.0,,100,entropy,2,0.5275319109289108,1.0,0.5239838543133389,0.6823951247739269,val,3,tfidf
0,"(2, 2)",0.75,0.0,,100,entropy,2,0.5320724833465319,0.999863920892679,0.5232138618561595,0.7112236911554279,train,4,tfidf
1,"(2, 2)",0.75,0.0,,100,entropy,2,0.5390850647535638,1.0,0.5302886441321686,0.7102818871171603,val,4,tfidf
0,"(2, 2)",0.75,0.0,,100,entropy,2,0.5203102436297573,1.0,0.5184371127271027,0.6881629681809336,train,5,tfidf
1,"(2, 2)",0.75,0.0,,100,entropy,2,0.5121587626944936,1.0,0.5104254324450678,0.6836022355223198,val,5,tfidf
0,"(2, 2)",0.75,0.0,,100,entropy,10,0.6131181142710735,0.998638776714007,0.5703438803804193,0.8456881281658806,train,1,tfidf
1,"(2, 2)",0.75,0.0,,100,entropy,10,0.6158934227687721,0.9976752503576538,0.5758076168851275,0.8260342085904797,val,1,tfidf
0,"(2, 2)",0.75,0.0,,100,entropy,10,0.6300514755549345,0.9985977926542428,0.5820612196472357,0.8522631082467365,train,2,tfidf
1,"(2, 2)",0.75,0.0,,100,entropy,10,0.6259549096329421,0.9971030237189933,0.5793183252682517,0.8307045434779761,val,2,tfidf
0,"(2, 2)",0.75,0.0,,100,entropy,10,0.6166208599245353,0.9981503203103853,0.5740193026151931,0.8490203515163008,train,3,tfidf
1,"(2, 2)",0.75,0.0,,100,entropy,10,0.6096152054411628,0.9972552607502287,0.5662337662337662,0.8328442334424698,val,3,tfidf
0,"(2, 2)",0.75,0.0,,100,entropy,10,0.616527693669353,0.9989162339128471,0.5736625087523664,0.8521897191036025,train,4,tfidf
1,"(2, 2)",0.75,0.0,,100,entropy,10,0.608963011273642,0.997083485235144,0.5667806444927986,0.8396875015850246,val,4,tfidf
0,"(2, 2)",0.75,0.0,,100,entropy,10,0.6250524060185401,0.9988217166681773,0.5782955499580185,0.8603040443900841,train,5,tfidf
1,"(2, 2)",0.75,0.0,,100,entropy,10,0.6272244479642225,0.9965858041329739,0.5820738874895046,0.8419917371119252,val,5,tfidf
0,"(2, 2)",0.75,0.0,,100,entropy,20,0.6964106864183728,0.9965557871839028,0.6292205562550074,0.894951674164522,train,1,tfidf
1,"(2, 2)",0.75,0.0,,100,entropy,20,0.6879075833799143,0.9911949685534591,0.6256096177838267,0.8693322570434672,val,1,tfidf
0,"(2, 2)",0.75,0.0,,100,entropy,20,0.6930100388978175,0.996053884882297,0.6264799018628934,0.8894566227962293,train,2,tfidf
1,"(2, 2)",0.75,0.0,,100,entropy,20,0.6903297931805478,0.9910458452722063,0.6282924613987284,0.8695720435641361,val,2,tfidf
0,"(2, 2)",0.75,0.0,,100,entropy,20,0.6876135463735035,0.9975149105367793,0.623045662358187,0.8934742142802692,train,3,tfidf
1,"(2, 2)",0.75,0.0,,100,entropy,20,0.6747414515978757,0.9936352064011639,0.6125560538116592,0.862677658486974,val,3,tfidf
0,"(2, 2)",0.75,0.0,,100,entropy,20,0.6829785251781805,0.9982414212923298,0.6199383926071128,0.8924234444062883,train,4,tfidf
1,"(2, 2)",0.75,0.0,,100,entropy,20,0.6733438926674742,0.993032636596993,0.6096352994146781,0.8717441012270704,val,4,tfidf
0,"(2, 2)",0.75,0.0,,100,entropy,20,0.6945078492569992,0.9963351732874853,0.6281663623916021,0.8899626631574514,train,5,tfidf
1,"(2, 2)",0.75,0.0,,100,entropy,20,0.6834063169663654,0.9875203472599023,0.6212310843099329,0.8580429074341996,val,5,tfidf
0,"(2, 2)",0.75,0.0,,100,entropy,50,0.7669857685230476,0.9959380782596922,0.6900034395422282,0.9283605413994426,train,1,tfidf
1,"(2, 2)",0.75,0.0,,100,entropy,50,0.742686789640395,0.979905005480453,0.6691616766467066,0.886456786384582,val,1,tfidf
0,"(2, 2)",0.75,0.0,,100,entropy,50,0.7775603847855962,0.9938672602553037,0.6991339916275205,0.928404369780103,train,2,tfidf
1,"(2, 2)",0.75,0.0,,100,entropy,50,0.7612260108067822,0.9756140975436098,0.6931832553433667,0.883983414613644,val,2,tfidf
0,"(2, 2)",0.75,0.0,,100,entropy,50,0.7718591326221642,0.9952949692363373,0.6942034015966678,0.9287525754392147,train,3,tfidf
1,"(2, 2)",0.75,0.0,,100,entropy,50,0.7483462219323581,0.9706893432241722,0.6787702429149798,0.8803952218359341,val,3,tfidf
0,"(2, 2)",0.75,0.0,,100,entropy,50,0.7665253645129734,0.9959748541449958,0.6891134962606001,0.9285884409313305,train,4,tfidf
1,"(2, 2)",0.75,0.0,,100,entropy,50,0.7485325631230784,0.9782608695652174,0.676776538413335,0.8874636673366749,val,4,tfidf
0,"(2, 2)",0.75,0.0,,100,entropy,50,0.7647319141007127,0.9955282533086408,0.6878472005492791,0.9300423581141865,train,5,tfidf
1,"(2, 2)",0.75,0.0,,100,entropy,50,0.7398676977545886,0.9806991988346686,0.6672447968285431,0.8823387694897632,val,5,tfidf
0,"(2, 2)",0.75,0.0,,100,entropy,100,0.8160389444017423,0.9947370808946963,0.7380415390312047,0.9479534795661261,train,1,tfidf
1,"(2, 2)",0.75,0.0,,100,entropy,100,0.776318241103037,0.957602862254025,0.7121191964879606,0.8888995150749645,val,1,tfidf
0,"(2, 2)",0.75,0.0,,100,entropy,100,0.8114736915659283,0.9963424546193443,0.7335926590863754,0.951516662898438,train,2,tfidf
1,"(2, 2)",0.75,0.0,,100,entropy,100,0.776690888764673,0.9629899726526892,0.7065275548421616,0.8905746339147291,val,2,tfidf
0,"(2, 2)",0.75,0.0,,100,entropy,100,0.8162295616527694,0.997193935279475,0.7378520478215733,0.9524461056029284,train,3,tfidf
1,"(2, 2)",0.75,0.0,,100,entropy,100,0.7748998416099879,0.9671242774566474,0.7055877701634159,0.8903536639079238,val,3,tfidf
0,"(2, 2)",0.75,0.0,,100,entropy,100,0.8141799040387572,0.996607716314623,0.7360122924808765,0.9499342670715217,train,4,tfidf
1,"(2, 2)",0.75,0.0,,100,entropy,100,0.77676325351719,0.9592538935168418,0.7092929833958221,0.8916740880027629,val,4,tfidf
0,"(2, 2)",0.75,0.0,,100,entropy,100,0.8170214748218195,0.9963403063299147,0.7393301371240822,0.9503020875630716,train,5,tfidf
1,"(2, 2)",0.75,0.0,,100,entropy,100,0.7787198360197521,0.9585303746817024,0.7105298638263449,0.8962159375137889,val,5,tfidf
0,"(2, 2)",1.0,0.0,,100,gini,2,0.523466797102462,0.9999548756825053,0.5199680886010606,0.6982429813373279,train,1,tfidf
1,"(2, 2)",1.0,0.0,,100,gini,2,0.5171417924352525,1.0,0.5134703839294096,0.6933792988003089,val,1,tfidf
0,"(2, 2)",1.0,0.0,,100,gini,2,0.522395360212424,1.0,0.5190345507001618,0.7032801703592374,train,2,tfidf
1,"(2, 2)",1.0,0.0,,100,gini,2,0.5197503260667039,0.9998182809376703,0.5163288288288288,0.6998614752565577,val,2,tfidf
0,"(2, 2)",1.0,0.0,,100,gini,2,0.5196114967158895,1.0,0.5173180435291365,0.6828922023561946,train,3,tfidf
1,"(2, 2)",1.0,0.0,,100,gini,2,0.519612410323302,1.0,0.5173188541471635,0.6745141479345749,val,3,tfidf
0,"(2, 2)",1.0,0.0,,100,gini,2,0.5244095588577817,0.9999546937296122,0.5194520934830191,0.6817291447562571,train,4,tfidf
1,"(2, 2)",1.0,0.0,,100,gini,2,0.5284636168825119,0.9996402230617017,0.5234551620195931,0.6696800071315661,val,4,tfidf
0,"(2, 2)",1.0,0.0,,100,gini,2,0.5312339870498906,0.999909329948318,0.5229018492176387,0.7025947524625068,train,5,tfidf
1,"(2, 2)",1.0,0.0,,100,gini,2,0.5349855585577192,0.9996411268616544,0.5275568181818182,0.69298924632468,val,5,tfidf
0,"(2, 2)",1.0,0.0,,100,gini,10,0.6310996203386672,0.9982832618025751,0.5830804549172758,0.8484488178510501,train,1,tfidf
1,"(2, 2)",1.0,0.0,,100,gini,10,0.6239053474939444,0.99617903930131,0.5768622905910863,0.8303171857987732,val,1,tfidf
0,"(2, 2)",1.0,0.0,,100,gini,10,0.6291663755153378,0.9984632768361582,0.5816788667123072,0.8561829294252319,train,2,tfidf
1,"(2, 2)",1.0,0.0,,100,gini,10,0.6200857089621763,0.9972756992371958,0.5747330960854092,0.8375619342438145,val,2,tfidf
0,"(2, 2)",1.0,0.0,,100,gini,10,0.630153258489775,0.9978704123244223,0.5817725531633866,0.8535833484194185,train,3,tfidf
1,"(2, 2)",1.0,0.0,,100,gini,10,0.6255473772477406,0.9965833483186477,0.5808006707189268,0.8303386347272945,val,3,tfidf
0,"(2, 2)",1.0,0.0,,100,gini,10,0.6153864070433689,0.9988246462637312,0.5726763775854026,0.8532170110382509,train,4,tfidf
1,"(2, 2)",1.0,0.0,,100,gini,10,0.6075654523432404,0.9970961887477314,0.5669762641898864,0.835779080591812,val,4,tfidf
0,"(2, 2)",1.0,0.0,,100,gini,10,0.6216984208319747,0.9987767861187876,0.5762003084080395,0.8498977553885094,train,5,tfidf
1,"(2, 2)",1.0,0.0,,100,gini,10,0.6217273828379764,0.9974811083123426,0.5781021897810219,0.8397046343087302,val,5,tfidf
0,"(2, 2)",1.0,0.0,,100,gini,20,0.6915659283068968,0.9968394437420987,0.6263262411347518,0.8919781891097696,train,1,tfidf
1,"(2, 2)",1.0,0.0,,100,gini,20,0.6804546301471959,0.9919751960605508,0.6163172804532578,0.8677424999478138,val,1,tfidf
0,"(2, 2)",1.0,0.0,,100,gini,20,0.6939184310437193,0.9969655797101449,0.6273833613589078,0.8969798662236761,train,2,tfidf
1,"(2, 2)",1.0,0.0,,100,gini,20,0.6860443450717347,0.9918933525490903,0.6234854489865247,0.865053820304751,val,2,tfidf
0,"(2, 2)",1.0,0.0,,100,gini,20,0.6972795453486748,0.996242813815581,0.6302044556440066,0.891956994658747,train,3,tfidf
1,"(2, 2)",1.0,0.0,,100,gini,20,0.6807043697009224,0.9906137184115523,0.6192034299898455,0.8595069139865453,val,3,tfidf
0,"(2, 2)",1.0,0.0,,100,gini,20,0.7058974239530442,0.9942455822383326,0.6370815550329529,0.8921028242801766,train,4,tfidf
1,"(2, 2)",1.0,0.0,,100,gini,20,0.7008292182987049,0.9850746268656716,0.6365326516383918,0.8667533311554214,val,4,tfidf
0,"(2, 2)",1.0,0.0,,100,gini,20,0.6906647412307262,0.9970182968149989,0.6254676340550958,0.8938691731988775,train,5,tfidf
1,"(2, 2)",1.0,0.0,,100,gini,20,0.6822882698220442,0.9921761280931587,0.6182539682539683,0.8649517944065557,val,5,tfidf
0,"(2, 2)",1.0,0.0,,100,gini,50,0.7740199846272099,0.9945777416293886,0.696704966290001,0.9315949298087283,train,1,tfidf
1,"(2, 2)",1.0,0.0,,100,gini,50,0.7425004658095771,0.9738181818181818,0.6715145436308927,0.884431236321951,val,1,tfidf
0,"(2, 2)",1.0,0.0,,100,gini,50,0.7824750192159877,0.9925468096709689,0.7041753990004836,0.9297726765614676,train,2,tfidf
1,"(2, 2)",1.0,0.0,,100,gini,50,0.7612260108067822,0.9673005153723121,0.6958578368703656,0.8837089414310545,val,2,tfidf
0,"(2, 2)",1.0,0.0,,100,gini,50,0.7764708622536917,0.9952909214398913,0.6983859693715447,0.9297246510922632,train,3,tfidf
1,"(2, 2)",1.0,0.0,,100,gini,50,0.7531910928910835,0.9686260367832672,0.6845928380272716,0.890899750694387,val,3,tfidf
0,"(2, 2)",1.0,0.0,,100,gini,50,0.7694135184236269,0.9958410560101262,0.6919307723717687,0.9319329380044789,train,4,tfidf
1,"(2, 2)",1.0,0.0,,100,gini,50,0.7387496506102674,0.9764065335753176,0.6679910603426868,0.8792113481032693,val,4,tfidf
0,"(2, 2)",1.0,0.0,,100,gini,50,0.7662225741836307,0.995582202587567,0.6896390207344492,0.9289425480327266,train,5,tfidf
1,"(2, 2)",1.0,0.0,,100,gini,50,0.7362340445355445,0.9719162995594713,0.664116392825787,0.8752519737655543,val,5,tfidf
0,"(2, 2)",1.0,0.0,,100,gini,100,0.8247036079472667,0.9956430970318598,0.7470035412694089,0.9535506056408791,train,1,tfidf
1,"(2, 2)",1.0,0.0,,100,gini,100,0.7857275945593442,0.9539038770770055,0.7233437203630945,0.889396065058769,val,1,tfidf
0,"(2, 2)",1.0,0.0,,100,gini,100,0.8203479840681993,0.9975606450738582,0.7424853742182772,0.954072713345003,train,2,tfidf
1,"(2, 2)",1.0,0.0,,100,gini,100,0.7726849264020869,0.9559519475791772,0.7049664429530201,0.8867398543032371,val,2,tfidf
0,"(2, 2)",1.0,0.0,,100,gini,100,0.8235664042483812,0.9964649898028552,0.7457264957264957,0.9527869182588911,train,3,tfidf
1,"(2, 2)",1.0,0.0,,100,gini,100,0.7817012950712755,0.9527488321954725,0.7182717052688609,0.8845757937145131,val,3,tfidf
0,"(2, 2)",1.0,0.0,,100,gini,100,0.8207248334653189,0.9963431151241535,0.7434394475324237,0.9532360019949363,train,4,tfidf
1,"(2, 2)",1.0,0.0,,100,gini,100,0.7709866766048635,0.9578544061302682,0.7021532700280861,0.8852412919073895,val,4,tfidf
0,"(2, 2)",1.0,0.0,,100,gini,100,0.8178832626822565,0.997289728069383,0.739953748701277,0.9522566754195747,train,5,tfidf
1,"(2, 2)",1.0,0.0,,100,gini,100,0.7733159414888661,0.9553977789914436,0.7057557826788596,0.8915020574416016,val,5,tfidf
0,"(2, 2)",1.0,0.0,,100,entropy,2,0.5213705075349964,0.9999548206379326,0.5185679810688597,0.6991955792753397,train,1,tfidf
1,"(2, 2)",1.0,0.0,,100,entropy,2,0.5179802496739333,0.9998180825905039,0.5151373137126254,0.6893522805797971,val,1,tfidf
0,"(2, 2)",1.0,0.0,,100,entropy,2,0.5245382339925,0.9999549001037298,0.5206650385121172,0.708279080938846,train,2,tfidf
1,"(2, 2)",1.0,0.0,,100,entropy,2,0.5170486305198435,0.9998167827042873,0.5128759398496241,0.7023902425608082,val,2,tfidf
0,"(2, 2)",1.0,0.0,,100,entropy,2,0.5233847300507756,0.9999547429398986,0.5191860328500599,0.7097808935838198,train,3,tfidf
1,"(2, 2)",1.0,0.0,,100,entropy,2,0.5236187459237864,1.0,0.5198159278737791,0.7039329281326672,val,3,tfidf
0,"(2, 2)",1.0,0.0,,100,entropy,2,0.5250617226440584,0.9998640380693405,0.5197173144876325,0.6940556510964988,train,4,tfidf
1,"(2, 2)",1.0,0.0,,100,entropy,2,0.529488493431473,0.9996406755300036,0.5243120995099887,0.6913831182590586,val,4,tfidf
0,"(2, 2)",1.0,0.0,,100,entropy,2,0.523477896305958,0.9999093217265144,0.5187833737150385,0.7044628438499457,train,5,tfidf
1,"(2, 2)",1.0,0.0,,100,entropy,2,0.5286499580732321,1.0,0.5242618017679143,0.7024994044690036,val,5,tfidf
0,"(2, 2)",1.0,0.0,,100,entropy,10,0.6251135490182377,0.9985964594557885,0.5785939139559286,0.856352079005372,train,1,tfidf
1,"(2, 2)",1.0,0.0,,100,entropy,10,0.6244643189863983,0.998015873015873,0.5791897833141422,0.8428766921902762,val,1,tfidf
0,"(2, 2)",1.0,0.0,,100,entropy,10,0.6220622830922601,0.9991410488245931,0.5769291009710765,0.8528196945173281,train,2,tfidf
1,"(2, 2)",1.0,0.0,,100,entropy,10,0.6156139370225452,0.9972781709308656,0.5720828562506506,0.8353017565030072,val,2,tfidf
0,"(2, 2)",1.0,0.0,,100,entropy,10,0.6234452881166441,0.9986863562239536,0.5773733141285845,0.8478590654698538,train,3,tfidf
1,"(2, 2)",1.0,0.0,,100,entropy,10,0.6209820180750955,0.9971197119711971,0.5775205922218747,0.8313101993861031,val,3,tfidf
0,"(2, 2)",1.0,0.0,,100,entropy,10,0.618297852517818,0.9989147146603962,0.5744525927081708,0.8515925369952244,train,4,tfidf
1,"(2, 2)",1.0,0.0,,100,entropy,10,0.6111991055622845,0.9985499365597245,0.5694645441389291,0.8324669718583164,val,4,tfidf
0,"(2, 2)",1.0,0.0,,100,entropy,10,0.613033959100014,0.9989153522845392,0.5712402760189181,0.8556135155496376,train,5,tfidf
1,"(2, 2)",1.0,0.0,,100,entropy,10,0.6050498462685177,0.9963662790697675,0.56518602494074,0.837908371442581,val,5,tfidf
0,"(2, 2)",1.0,0.0,,100,entropy,20,0.6980644259660401,0.9967854393987413,0.6306863756159047,0.8913138772417786,train,1,tfidf
1,"(2, 2)",1.0,0.0,,100,entropy,20,0.68921185019564,0.9917027417027418,0.6256258534365043,0.8689837752699023,val,1,tfidf
0,"(2, 2)",1.0,0.0,,100,entropy,20,0.6958283837607435,0.9970096506728287,0.6287502142979599,0.8923814543299334,train,2,tfidf
1,"(2, 2)",1.0,0.0,,100,entropy,20,0.689305012111049,0.9938848920863309,0.6260337600543786,0.8637238141454366,val,2,tfidf
0,"(2, 2)",1.0,0.0,,100,entropy,20,0.6875436716821167,0.997425823059206,0.6231238009254034,0.8900919987392976,train,3,tfidf
1,"(2, 2)",1.0,0.0,,100,entropy,20,0.6813565638684431,0.9923469387755102,0.6171804170444243,0.865852613345488,val,3,tfidf
0,"(2, 2)",1.0,0.0,,100,entropy,20,0.6883355848511669,0.9977414400578192,0.6236200909116576,0.8912564424129945,train,4,tfidf
1,"(2, 2)",1.0,0.0,,100,entropy,20,0.6840585111338862,0.9938103040233024,0.6192150635208712,0.8737742379961728,val,4,tfidf
0,"(2, 2)",1.0,0.0,,100,entropy,20,0.6901989099548144,0.9969662666968531,0.6245886758198116,0.8887514851905851,train,5,tfidf
1,"(2, 2)",1.0,0.0,,100,entropy,20,0.680331687319482,0.9895420122610891,0.6193431892562916,0.8608342091601718,val,5,tfidf
0,"(2, 2)",1.0,0.0,,100,entropy,50,0.7716907739966925,0.9944232861806311,0.6938188029862078,0.9273656713678293,train,1,tfidf
1,"(2, 2)",1.0,0.0,,100,entropy,50,0.7504192286193404,0.9732735426008968,0.6820010055304173,0.8846602350196489,val,1,tfidf
0,"(2, 2)",1.0,0.0,,100,entropy,50,0.771760650315608,0.9963764833771175,0.693571270927263,0.92831683113698,train,2,tfidf
1,"(2, 2)",1.0,0.0,,100,entropy,50,0.7472517234954351,0.9744282369890149,0.6779002756201453,0.8805160449081622,val,2,tfidf
0,"(2, 2)",1.0,0.0,,100,entropy,50,0.7688778124563284,0.9950707728485506,0.6915582374756427,0.9279765301970447,train,3,tfidf
1,"(2, 2)",1.0,0.0,,100,entropy,50,0.7491847572905991,0.9787966654584994,0.6771564694082247,0.890856178176747,val,3,tfidf
0,"(2, 2)",1.0,0.0,,100,entropy,50,0.7662225741836307,0.9955252214789369,0.6890779964333761,0.928479740375574,train,4,tfidf
1,"(2, 2)",1.0,0.0,,100,entropy,50,0.7409857448989099,0.9787543126929362,0.6693157829380355,0.8825985033417094,val,4,tfidf
0,"(2, 2)",1.0,0.0,,100,entropy,50,0.7699259328271301,0.9963436103462285,0.6925852709529637,0.9296982958129385,train,5,tfidf
1,"(2, 2)",1.0,0.0,,100,entropy,50,0.7452715922854747,0.9791894852135816,0.6718436873747495,0.8891578770752936,val,5,tfidf
0,"(2, 2)",1.0,0.0,,100,entropy,100,0.8169007523350337,0.9961084211955292,0.738988854572311,0.9503568126192828,train,1,tfidf
1,"(2, 2)",1.0,0.0,,100,entropy,100,0.7842370039128005,0.9602313810556761,0.7170626349892009,0.89393255778202,val,1,tfidf
0,"(2, 2)",1.0,0.0,,100,entropy,100,0.8172967181422216,0.9962523140831715,0.7397820620284996,0.9504026785919063,train,2,tfidf
1,"(2, 2)",1.0,0.0,,100,entropy,100,0.7700763927706353,0.9611597374179431,0.7003720435822482,0.8870486089402939,val,2,tfidf
0,"(2, 2)",1.0,0.0,,100,entropy,100,0.8167186844924769,0.996284044047673,0.7384455192798602,0.9503243170510601,train,3,tfidf
1,"(2, 2)",1.0,0.0,,100,entropy,100,0.7754588651821485,0.9572250179726816,0.7103227527340624,0.8915917335539707,val,3,tfidf
0,"(2, 2)",1.0,0.0,,100,entropy,100,0.814133320911166,0.9967339532773871,0.7353502225494462,0.9509353238131835,train,4,tfidf
1,"(2, 2)",1.0,0.0,,100,entropy,100,0.775831547563589,0.9624060150375939,0.7099841521394612,0.8930555523672763,val,4,tfidf
0,"(2, 2)",1.0,0.0,,100,entropy,100,0.8105464200866446,0.996526211314626,0.7327340277317057,0.9501192314031387,train,5,tfidf
1,"(2, 2)",1.0,0.0,,100,entropy,100,0.770520823628063,0.9635864592863678,0.69933598937583,0.8917636460641023,val,5,tfidf
