,ngram_range,max_df,min_df,max_features,C,Acc,recall,PPV,AUC,dataset,fold,vector
0,"(2, 2)",0.25,0.0,2000,0.01,0.5145459203875806,1.0,0.5145459203875806,0.7518751972842781,train,1,count
1,"(2, 2)",0.25,0.0,2000,0.01,0.5161170113657537,1.0,0.5161170113657537,0.7702311157417125,val,1,count
0,"(2, 2)",0.25,0.0,2000,0.01,0.5149418861947685,1.0,0.5149418861947685,0.7503603970989516,train,2,count
1,"(2, 2)",0.25,0.0,2000,0.01,0.514533258803801,1.0,0.514533258803801,0.7556408012090747,val,2,count
0,"(2, 2)",0.25,0.0,2000,0.01,0.5132528997996926,1.0,0.5132528997996926,0.7538073469976422,train,3,count
1,"(2, 2)",0.25,0.0,2000,0.01,0.5212894810397839,1.0,0.5212894810397839,0.7648602416034169,val,3,count
0,"(2, 2)",0.25,0.0,2000,0.01,0.5153724321050915,1.0,0.5153724321050915,0.7524002914366275,train,4,count
1,"(2, 2)",0.25,0.0,2000,0.01,0.5128109568620144,1.0,0.5128109568620144,0.7546973782449844,val,4,count
0,"(2, 2)",0.25,0.0,2000,0.01,0.5161876368379373,1.0,0.5161876368379373,0.7526548093513665,train,5,count
1,"(2, 2)",0.25,0.0,2000,0.01,0.5095499860244107,1.0,0.5095499860244107,0.7608214940135086,val,5,count
0,"(2, 2)",0.25,0.0,2000,1.2575,0.5903617264109193,0.9881691673088255,0.5571742575269641,0.8180902645125804,train,1,count
1,"(2, 2)",0.25,0.0,2000,1.2575,0.5876653623998509,0.9879712746858169,0.558000405597242,0.8138740166349829,val,1,count
0,"(2, 2)",0.25,0.0,2000,1.2575,0.5910604896000745,0.9875214757211321,0.5582905196431767,0.819814903432047,train,2,count
1,"(2, 2)",0.25,0.0,2000,1.2575,0.5807713806595863,0.989842191184473,0.5511564488435512,0.8089512129103146,val,2,count
0,"(2, 2)",0.25,0.0,2000,1.2575,0.5910234313131784,0.9871046558979232,0.5580966999232541,0.8187024446985965,train,3,count
1,"(2, 2)",0.25,0.0,2000,1.2575,0.5786825677816081,0.9898734177215189,0.5507042253521127,0.8145079744298306,val,3,count
0,"(2, 2)",0.25,0.0,2000,1.2575,0.5923743420133227,0.9864547588947084,0.5595021639478603,0.8193919804144303,train,4,count
1,"(2, 2)",0.25,0.0,2000,1.2575,0.575048914562564,0.9877804121831114,0.546518668012109,0.8098016727026393,val,4,count
0,"(2, 2)",0.25,0.0,2000,1.2575,0.5908603903666092,0.9880521361332368,0.5578780599989779,0.8184926011765254,train,5,count
1,"(2, 2)",0.25,0.0,2000,1.2575,0.5851113388614553,0.9884372177055104,0.554868154158215,0.8048625122649841,val,5,count
0,"(2, 2)",0.25,0.0,2000,2.505,0.6391121049076468,0.9878697691197691,0.589976300764839,0.8640876600435424,train,1,count
1,"(2, 2)",0.25,0.0,2000,2.505,0.6176634991615427,0.9886342804766269,0.571595124536301,0.8381531790959076,val,1,count
0,"(2, 2)",0.25,0.0,2000,2.505,0.6394614865022243,0.9873000090391395,0.5897200550711336,0.862999589322357,train,2,count
1,"(2, 2)",0.25,0.0,2000,2.505,0.6180361468231786,0.9840145322434151,0.5745041892035211,0.8349808211697185,val,2,count
0,"(2, 2)",0.25,0.0,2000,2.505,0.6380723901802767,0.9875939509191343,0.5882892359144483,0.8631740000489262,train,3,count
1,"(2, 2)",0.25,0.0,2000,2.505,0.6275039597503028,0.9893597835888187,0.5820689655172414,0.8416129717395975,val,3,count
0,"(2, 2)",0.25,0.0,2000,2.505,0.6379093492337076,0.986978812213602,0.587739442898441,0.8645735621482782,train,4,count
1,"(2, 2)",0.25,0.0,2000,2.505,0.6322556601136681,0.9867620751341681,0.5874960059644264,0.8425247753255116,val,4,count
0,"(2, 2)",0.25,0.0,2000,2.505,0.6375832673405692,0.9866033039149129,0.5881606993497558,0.8635605841619769,train,5,count
1,"(2, 2)",0.25,0.0,2000,2.505,0.6261995714152614,0.9875361271676301,0.5809776833156217,0.835726824807776,val,5,count
0,"(2, 2)",0.25,0.0,2000,3.7525,0.663615400740689,0.987251356238698,0.6066448136007556,0.8862048190860683,train,1,count
1,"(2, 2)",0.25,0.0,2000,3.7525,0.6445872927147382,0.9874795862819815,0.5922942969090118,0.8485878920105241,val,1,count
0,"(2, 2)",0.25,0.0,2000,3.7525,0.6645237928865907,0.9888415131996734,0.6062797230024751,0.8907996131783993,train,2,count
1,"(2, 2)",0.25,0.0,2000,3.7525,0.6432830258990124,0.9860340196956132,0.5948368978181032,0.8537746853697157,val,2,count
0,"(2, 2)",0.25,0.0,2000,3.7525,0.6637629850468161,0.9881124570602061,0.6066770272520398,0.8861783602986999,train,3,count
1,"(2, 2)",0.25,0.0,2000,3.7525,0.6458585670362433,0.9872889050299619,0.5930410122164049,0.8515049315170735,val,3,count
0,"(2, 2)",0.25,0.0,2000,3.7525,0.6637164019192249,0.9876660341555977,0.6068117470715594,0.8883984068193034,train,4,count
1,"(2, 2)",0.25,0.0,2000,3.7525,0.6425044256032796,0.9863561942877933,0.5903745644599303,0.8523247210472328,val,4,count
0,"(2, 2)",0.25,0.0,2000,3.7525,0.661526994922439,0.9883710407239819,0.6047677058530373,0.8888010504930811,train,5,count
1,"(2, 2)",0.25,0.0,2000,3.7525,0.6525668499021708,0.988067257277165,0.5987072743207712,0.8563933381393509,val,5,count
0,"(2, 2)",0.25,0.0,2000,5.0,0.6816667831271982,0.9882321114567835,0.620484656324312,0.902423009805242,train,1,count
1,"(2, 2)",0.25,0.0,2000,5.0,0.6567915036333147,0.9877109317681585,0.5982003999111308,0.8651801248887749,val,1,count
0,"(2, 2)",0.25,0.0,2000,5.0,0.6835068595253069,0.9875894555666274,0.6208781821288228,0.9036913858884703,train,2,count
1,"(2, 2)",0.25,0.0,2000,5.0,0.6629401900503075,0.9866738699801909,0.6072259780560789,0.8595889662226674,val,2,count
0,"(2, 2)",0.25,0.0,2000,5.0,0.6826990264126334,0.988099023393141,0.6194964971236544,0.9034015458889553,train,3,count
1,"(2, 2)",0.25,0.0,2000,5.0,0.6674741451597875,0.9807692307692307,0.6141152859850596,0.8539078024372142,val,3,count
0,"(2, 2)",0.25,0.0,2000,5.0,0.6828387757954069,0.9888507718696398,0.6209995180996116,0.9040184377830122,train,4,count
1,"(2, 2)",0.25,0.0,2000,5.0,0.6544302618093729,0.9879496074493336,0.5976364037994256,0.8614537818173632,val,4,count
0,"(2, 2)",0.25,0.0,2000,5.0,0.6823962360832906,0.9887320119467825,0.6200760585764559,0.9024635604177283,train,5,count
1,"(2, 2)",0.25,0.0,2000,5.0,0.6656107332525855,0.9864449665642508,0.6083370485956309,0.8642821567100891,val,5,count
0,"(2, 2)",0.5,0.0,2000,0.01,0.5157571099154497,1.0,0.5157571099154497,0.752963871396333,train,1,count
1,"(2, 2)",0.5,0.0,2000,0.01,0.5112725917644867,1.0,0.5112725917644867,0.7550665771727786,val,1,count
0,"(2, 2)",0.5,0.0,2000,0.01,0.5151515151515151,1.0,0.5151515151515151,0.7516054976404745,train,2,count
1,"(2, 2)",0.5,0.0,2000,0.01,0.5136948015651202,1.0,0.5136948015651202,0.7658879626502793,val,2,count
0,"(2, 2)",0.5,0.0,2000,0.01,0.5147901430102017,1.0,0.5147901430102017,0.7486497718787672,train,3,count
1,"(2, 2)",0.5,0.0,2000,0.01,0.5151402217460169,1.0,0.5151402217460169,0.7574397221331338,val,3,count
0,"(2, 2)",0.5,0.0,2000,0.01,0.5149298923929753,1.0,0.5149298923929753,0.7534077882876324,train,4,count
1,"(2, 2)",0.5,0.0,2000,0.01,0.5145811981738563,1.0,0.5145811981738563,0.7683626454091996,val,4,count
0,"(2, 2)",0.5,0.0,2000,0.01,0.5136721479480132,1.0,0.5136721479480132,0.7547324550728324,train,5,count
1,"(2, 2)",0.5,0.0,2000,0.01,0.519612410323302,1.0,0.519612410323302,0.7587200450481468,val,5,count
0,"(2, 2)",0.5,0.0,2000,1.2575,0.5905946474739711,0.9874818577648766,0.5572134210324264,0.819051823683361,train,1,count
1,"(2, 2)",0.5,0.0,2000,1.2575,0.5866405813303521,0.9867454773419309,0.5580429497568882,0.8135023177697862,val,1,count
0,"(2, 2)",0.5,0.0,2000,1.2575,0.5905713553676659,0.9866109926020061,0.5570846467286845,0.8192277699153748,train,2,count
1,"(2, 2)",0.5,0.0,2000,1.2575,0.5892491149618037,0.9901750625223295,0.5600687076891987,0.8081496096458571,val,2,count
0,"(2, 2)",0.5,0.0,2000,1.2575,0.5918153444822285,0.9870958978538441,0.5584129504879486,0.817204289375607,train,3,count
1,"(2, 2)",0.5,0.0,2000,1.2575,0.5824093915960123,0.9899008115419297,0.5536056480080686,0.810430465532932,val,3,count
0,"(2, 2)",0.5,0.0,2000,1.2575,0.5916523035356593,0.9883993861153741,0.5589962217910752,0.8208442262548719,train,4,count
1,"(2, 2)",0.5,0.0,2000,1.2575,0.575887449920805,0.9874018623333942,0.5467596805176423,0.8091569067435456,val,4,count
0,"(2, 2)",0.5,0.0,2000,1.2575,0.5916290119718638,0.987704364275098,0.5595815258994642,0.8185891574756374,train,5,count
1,"(2, 2)",0.5,0.0,2000,1.2575,0.5732786732507221,0.9893146647015475,0.5428629195309341,0.8105880632903567,val,5,count
0,"(2, 2)",0.5,0.0,2000,2.505,0.6393916101833089,0.9878026743765811,0.5897297588866713,0.8627632630338752,train,1,count
1,"(2, 2)",0.5,0.0,2000,2.505,0.621483137693311,0.9836214740673339,0.5763489016847942,0.8367938473626704,val,1,count
0,"(2, 2)",0.5,0.0,2000,2.505,0.6379474995923882,0.9871238818107888,0.5887948690309367,0.8650518553899135,train,2,count
1,"(2, 2)",0.5,0.0,2000,2.505,0.6227874045090367,0.9883572857922504,0.5768740709280102,0.8393214914837677,val,2,count
0,"(2, 2)",0.5,0.0,2000,2.505,0.6371640191922485,0.9875801643934604,0.5882970137207425,0.865720343384018,train,3,count
1,"(2, 2)",0.5,0.0,2000,2.505,0.6234044535544582,0.9892512297321917,0.5768617868904706,0.8401877953257602,val,3,count
0,"(2, 2)",0.5,0.0,2000,2.505,0.6387245539665534,0.9869700945572999,0.5889896862681571,0.8643712747684955,train,4,count
1,"(2, 2)",0.5,0.0,2000,2.505,0.6255473772477406,0.9878798842257598,0.5801551046425156,0.8356185990872075,val,4,count
0,"(2, 2)",0.5,0.0,2000,2.505,0.6391670936786696,0.9874596755872598,0.5881891255514358,0.8601485956679067,train,5,count
1,"(2, 2)",0.5,0.0,2000,2.505,0.6278766421317432,0.9864816791177516,0.5860101437024514,0.8417810136144439,val,5,count
0,"(2, 2)",0.5,0.0,2000,3.7525,0.6618452006614958,0.9888434027621575,0.6063556867396761,0.888138419487041,train,1,count
1,"(2, 2)",0.5,0.0,2000,3.7525,0.6381591205515186,0.9874120696038504,0.5829508196721311,0.8564502866738528,val,1,count
0,"(2, 2)",0.5,0.0,2000,3.7525,0.6638250296974355,0.9873027389805913,0.6060403618649965,0.8878067779035118,train,2,count
1,"(2, 2)",0.5,0.0,2000,3.7525,0.6489659027389603,0.9876321921491307,0.5983277228797915,0.8501722285785218,val,2,count
0,"(2, 2)",0.5,0.0,2000,3.7525,0.6624120743466716,0.9878719055189643,0.6045309242529534,0.8882431697955441,train,3,count
1,"(2, 2)",0.5,0.0,2000,3.7525,0.6544302618093729,0.9862891737891738,0.6039690328208484,0.8543202139730868,val,3,count
0,"(2, 2)",0.5,0.0,2000,3.7525,0.6635766525364513,0.9883033012690241,0.606725997393884,0.8879356919104356,train,4,count
1,"(2, 2)",0.5,0.0,2000,3.7525,0.6432497903661605,0.9856049562682215,0.5905666557484441,0.8544069980572917,val,4,count
0,"(2, 2)",0.5,0.0,2000,3.7525,0.665020729491778,0.9880009055920308,0.6071736650249047,0.8882816656173855,train,5,count
1,"(2, 2)",0.5,0.0,2000,3.7525,0.6426907667939998,0.9870176703930761,0.592616650427628,0.8489558141796835,val,5,count
0,"(2, 2)",0.5,0.0,2000,5.0,0.6836233200568327,0.9883636692927646,0.6209358554970843,0.9026080966408992,train,1,count
1,"(2, 2)",0.5,0.0,2000,5.0,0.6596795230109931,0.9859332732191163,0.6046228710462287,0.8591549961500371,val,1,count
0,"(2, 2)",0.5,0.0,2000,5.0,0.6807118067686861,0.9888052936910805,0.6184307500425195,0.9029511715247339,train,2,count
1,"(2, 2)",0.5,0.0,2000,5.0,0.6683435811440284,0.9863481228668942,0.6118105849582173,0.8708357319628939,val,2,count
